2027;Ariana Ville - Borj El Baccouche;Tunisie
2037;Ariana Ville - Centre Commercial Ikram;Tunisie
2091;Ariana Ville - Cité Belvedere 2;Tunisie
2058;Ariana Ville - Cité Borj Turki 1;Tunisie
2058;Ariana Ville - Cité Borj Turki 2;Tunisie
2058;Ariana Ville - Cité de la Sante;Tunisie
2080;Ariana Ville - Cité des Roses;Tunisie
2080;Ariana Ville - Cité du Jardin;Tunisie
2080;Ariana Ville - Cité du Printemps;Tunisie
2091;Ariana Ville - Cité du Soleil;Tunisie
2091;Ariana Ville - Cité El Intissar 1;Tunisie
2091;Ariana Ville - Cité El Intissar 2;Tunisie
2037;Ariana Ville - Cité Ennasr 1;Tunisie
2037;Ariana Ville - Cité Ennasr 2;Tunisie
2080;Ariana Ville - Cité Ennouzha;Tunisie
2080;Ariana Ville - Cité Essaada (ariana);Tunisie
2058;Ariana Ville - Cité Essaada (riadh Andalous);Tunisie
2080;Ariana Ville - Cité Jaafar;Tunisie
2091;Ariana Ville - Cité Jamil;Tunisie
2058;Ariana Ville - Cité Karim;Tunisie
2058;Ariana Ville - Cité Mehrzia 1;Tunisie
2091;Ariana Ville - El Menzah 5;Tunisie
2091;Ariana Ville - El Menzah 6;Tunisie
2037;Ariana Ville - El Menzah 7;Tunisie
2037;Ariana Ville - El Menzah 8;Tunisie
2080;Ariana Ville - Nouvelle Ariana;Tunisie
2058;Ariana Ville - Résidence El Ouns;Tunisie
2080;Ariana Ville - Résidence Ennour (ariana);Tunisie
2037;Ariana Ville - Résidence Ennour (Naser 1);Tunisie
2037;Ariana Ville - Résidence Ennour (Naser 2);Tunisie
2058;Ariana Ville - Résidence Ibn Zeidoun;Tunisie
2058;Ariana Ville - Résidence Ichbilia;Tunisie
2058;Ariana Ville - Résidence Kortoba;Tunisie
2058;Ariana Ville - Riadh Landlous;Tunisie
2041;Cité Ettadhamen - Cité Ben Yerfes;Tunisie
2041;Cité Ettadhamen - Cité El Houda;Tunisie
2041;Cité Ettadhamen - Cité Ennasser;Tunisie
2041;Cité Ettadhamen - Cité Ettadhamen;Tunisie
2041;Cité Ettadhamen - Cité Ettayarene;Tunisie
2041;Cité Ettadhamen - Cité Sfar;Tunisie
2041;Cité Ettadhamen - Cité Snit 2;Tunisie
2041;Cité Ettadhamen - Cité Snit Nagra;Tunisie
2094;El Mnihla - Cité de la Republique;Tunisie
2094;El Mnihla - Cité El Bassatine1;Tunisie
2094;El Mnihla - Cité El Bassatine2;Tunisie
2094;El Mnihla - Cité El Bassatine3;Tunisie
2094;El Mnihla - Cité El Gouabsia;Tunisie
2094;El Mnihla - Cité El Ouard;Tunisie
2094;El Mnihla - Cité Ennasr;Tunisie
2094;El Mnihla - Cité Essaada;Tunisie
2094;El Mnihla - Cité Rafaha;Tunisie
2094;El Mnihla - Cité Rous El Harayek;Tunisie
2094;El Mnihla - Essanhaji;Tunisie
2094;El Mnihla - Mnihla;Tunisie
2094;El Mnihla - Résidence Ennasr;Tunisie
2022;Kalaat El Andalous - Cité Bir El Araies;Tunisie
2022;Kalaat El Andalous - Cité des Martyrs;Tunisie
2022;Kalaat El Andalous - Cité El Fejja;Tunisie
2022;Kalaat El Andalous - Cité El Mourouj;Tunisie
2022;Kalaat El Andalous - Cité El Oulja;Tunisie
2022;Kalaat El Andalous - Cité Essibous;Tunisie
2022;Kalaat El Andalous - Cité Tarek Ibn Zied;Tunisie
2061;Kalaat El Andalous - El Misra;Tunisie
2061;Kalaat El Andalous - Ferme Hababou;Tunisie
2061;Kalaat El Andalous - Ferme Mustapha;Tunisie
2061;Kalaat El Andalous - Henchir Touba;Tunisie
2061;Kalaat El Andalous - Henchir Toubias;Tunisie
2022;Kalaat El Andalous - Kalaat Landlous;Tunisie
2061;Kalaat El Andalous - Pont de Bizerte;Tunisie
2081;Raoued - Borj Touil;Tunisie
2081;Raoued - Bou Hnech;Tunisie
2056;Raoued - Cité 7 Novembre;Tunisie
2056;Raoued - Cité aéroport;Tunisie
2081;Raoued - Cité Chaker;Tunisie
2056;Raoued - Cité Chargui;Tunisie
2081;Raoued - Cité de la Mosque;Tunisie
2083;Raoued - Cité de la Rtt 2;Tunisie
2056;Raoued - Cité des Juges;Tunisie
2083;Raoued - Cité El Abadla;Tunisie
2083;Raoued - Cité El Amel;Tunisie
2083;Raoued - Cité El Ghazala 1;Tunisie
2083;Raoued - Cité El Ghazala 2;Tunisie
2081;Raoued - Cité El Mouaouiet;Tunisie
2081;Raoued - Cité El Mountazeh;Tunisie
2083;Raoued - Cité El Wafa;Tunisie
2056;Raoued - Cité El Yamama;Tunisie
2083;Raoued - Cité Ennasr;Tunisie
2083;Raoued - Cité Ennkhilet;Tunisie
2081;Raoued - Cité Ennour Jaafar;Tunisie
2081;Raoued - Cité Erriadh;Tunisie
2081;Raoued - Cité Essaada;Tunisie
2083;Raoued - Cité Essahafa;Tunisie
2083;Raoued - Cité Ibn Rachik;Tunisie
2083;Raoued - Cité Mehrzia 2;Tunisie
2056;Raoued - Cité Sidi Salah;Tunisie
2081;Raoued - Cité Sidi Slimene;Tunisie
2081;Raoued - Cité Snit;Tunisie
2056;Raoued - Cité Zghab;Tunisie
2088;Raoued - Complexe Technologique;Tunisie
2081;Raoued - Douar El Hendi;Tunisie
2056;Raoued - El Brarja;Tunisie
2081;Raoued - El Hessiene;Tunisie
2083;Raoued - Jaafar 1;Tunisie
2083;Raoued - Jaafar 2;Tunisie
2081;Raoued - Oued El Khayat;Tunisie
2081;Raoued - Oued El Makhzen;Tunisie
2056;Raoued - Raoued;Tunisie
2081;Raoued - Résidence El Ayech;Tunisie
2081;Raoued - Résidence El Ouns;Tunisie
2081;Raoued - Résidence Ennarjes;Tunisie
2081;Raoued - Résidence Essalem;Tunisie
2081;Raoued - Résidence Rim;Tunisie
2081;Raoued - Route Ezzaouia;Tunisie
2032;Sidi Thabet - Borj El Khoukha;Tunisie
2032;Sidi Thabet - Borj Youssef;Tunisie
2032;Sidi Thabet - Cebalet Ben Ammar;Tunisie
2057;Sidi Thabet - Chorfech;Tunisie
2032;Sidi Thabet - Chorfech 12;Tunisie
2057;Sidi Thabet - Chorfech 2;Tunisie
2057;Sidi Thabet - Chorfech 24;Tunisie
2057;Sidi Thabet - Chorfech 8;Tunisie
2020;Sidi Thabet - Cité 18 Janvier;Tunisie
2020;Sidi Thabet - Cité Afh;Tunisie
2020;Sidi Thabet - Cité des Agriculteurs;Tunisie
2020;Sidi Thabet - Cité des Oranges;Tunisie
2032;Sidi Thabet - Cité Dridi;Tunisie
2032;Sidi Thabet - Cité El Bokri;Tunisie
2032;Sidi Thabet - Cité El Frachich;Tunisie
2032;Sidi Thabet - Cité El Ghribi;Tunisie
2020;Sidi Thabet - Cité El Gouazine;Tunisie
2020;Sidi Thabet - Cité El Mbarka;Tunisie
2032;Sidi Thabet - Cité El Methalithe;Tunisie
2020;Sidi Thabet - Cité El Mrezgua;Tunisie
2020;Sidi Thabet - Cité Essaada;Tunisie
2020;Sidi Thabet - Cité Ettbaieb;Tunisie
2020;Sidi Thabet - Cité Jardins;Tunisie
2032;Sidi Thabet - Cité Messouda;Tunisie
2020;Sidi Thabet - Cité Mongi Slim;Tunisie
2032;Sidi Thabet - Cité Ouvriere;Tunisie
2032;Sidi Thabet - Cité Sidi Marouane;Tunisie
2032;Sidi Thabet - Ezzaouia;Tunisie
2032;Sidi Thabet - Jabbes;Tunisie
2032;Sidi Thabet - Jabbes El Borj;Tunisie
2020;Sidi Thabet - Sidi Thabet;Tunisie
2073;Soukra - Borj Louzir;Tunisie
2035;Soukra - Charguia 1;Tunisie
2035;Soukra - Charguia 2;Tunisie
2036;Soukra - Chotrana 1;Tunisie
2036;Soukra - Chotrana 2;Tunisie
2036;Soukra - Chotrana 3;Tunisie
2036;Soukra - Cité Astree;Tunisie
2036;Soukra - Cité Belabla;Tunisie
2036;Soukra - Cité Ben Hessine;Tunisie
2073;Soukra - Cité Ben Kilani;Tunisie
2036;Soukra - Cité Bou Fares;Tunisie
2036;Soukra - Cité Chouachia;Tunisie
2036;Soukra - Cité Chouchene;Tunisie
2036;Soukra - Cité de l'aéroport;Tunisie
2073;Soukra - Cité de la Sante;Tunisie
2036;Soukra - Cité de la Terre Libre;Tunisie
2036;Soukra - Cité des Juges;Tunisie
2036;Soukra - Cité El Azzef;Tunisie
2073;Soukra - Cité El Behi Ladghem;Tunisie
2036;Soukra - Cité El Boustene 1;Tunisie
2036;Soukra - Cité El Boustene 2;Tunisie
2073;Soukra - Cité El Feth;Tunisie
2073;Soukra - Cité El Hana;Tunisie
2036;Soukra - Cité El Henaya;Tunisie
2036;Soukra - Cité El Maid;Tunisie
2073;Soukra - Cité El Mansoura;Tunisie
2073;Soukra - Cité El Ouroud;Tunisie
2036;Soukra - Cité Elyes;Tunisie
2073;Soukra - Cité Ennacim;Tunisie
2073;Soukra - Cité Ennouzha 3;Tunisie
2036;Soukra - Cité Ettaamir;Tunisie
2073;Soukra - Cité Ettaamir 5;Tunisie
2036;Soukra - Cité Ezzitoun 1;Tunisie
2036;Soukra - Cité Ezzitoun 2;Tunisie
2036;Soukra - Cité Ezzouaidia;Tunisie
2036;Soukra - Cité Farhat;Tunisie
2036;Soukra - Cité Fateh;Tunisie
2036;Soukra - Cité Fonciere;Tunisie
2073;Soukra - Cité Ghouzaila;Tunisie
2073;Soukra - Cité Hedi Nouira;Tunisie
2073;Soukra - Cité Jebira;Tunisie
2036;Soukra - Cité Snit;Tunisie
2073;Soukra - Cité Snit;Tunisie
2073;Soukra - Cité Star;Tunisie
2036;Soukra - Cité Touilia;Tunisie
2036;Soukra - Dar Fadhal;Tunisie
2036;Soukra - La Soukra;Tunisie
2036;Soukra - Mosque Erraoudha;Tunisie
2036;Soukra - Résidence 26-26;Tunisie
2036;Soukra - Résidence Ahlem;Tunisie
2073;Soukra - Résidence El Ouns;Tunisie
2073;Soukra - Résidence Ennesrine;Tunisie
2036;Soukra - Résidence Meriem;Tunisie
2036;Soukra - Sidi Frej;Tunisie
2036;Soukra - Sidi Salah;Tunisie
2036;Soukra - Sidi Soufiene;Tunisie
2035;Soukra - Station Marchandises Fret;Tunisie
2036;Soukra - Village Essahli;Tunisie
4234;Douz Nord - Cité 7 Novembre;Tunisie
4216;Douz Nord - Cité Ben Hamroun;Tunisie
4234;Douz Nord - Cité Commerciale;Tunisie
4234;Douz Nord - Cité des Oasis;Tunisie
4215;Douz Nord - Cité Douz Chargui;Tunisie
4215;Douz Nord - Cité El Abadla;Tunisie
4216;Douz Nord - Cité El Athemna;Tunisie
4234;Douz Nord - Cité El Izdihar;Tunisie
4234;Douz Nord - Cité El Ouroud;Tunisie
4234;Douz Nord - Cité Ennour;Tunisie
4234;Douz Nord - Cité Essaada;Tunisie
4234;Douz Nord - Cité Ezzouhour;Tunisie
4234;Douz Nord - Cité Ibn Khaldoun;Tunisie
4260;Douz Nord - Cité Jelaila;Tunisie
4216;Douz Nord - Cité Ouled Abdallah;Tunisie
4216;Douz Nord - Cité Ouled Amor;Tunisie
4260;Douz Nord - Cité Ouled Oun;Tunisie
4215;Douz Nord - Cité Populaire;Tunisie
4260;Douz Nord - Douz;Tunisie
4216;Douz Nord - Douz Aouina;Tunisie
4215;Douz Nord - Douz Chargui;Tunisie
4222;Douz Nord - Eddorgine;Tunisie
4216;Douz Nord - El Aouina;Tunisie
4260;Douz Nord - Ghelissia;Tunisie
4234;Douz Nord - Golaa;Tunisie
4260;Douz Nord - Ksar Ghilene;Tunisie
4222;Douz Nord - Nouaiel;Tunisie
4261;Douz Nord - Zaafrane;Tunisie
4264;Faouar - Cité El Moustakbel;Tunisie
4264;Faouar - Cité Ennour;Tunisie
4264;Faouar - Cité Essalem;Tunisie
4264;Faouar - El Faouar;Tunisie
4264;Faouar - Gherib;Tunisie
4264;Faouar - Ghidma;Tunisie
4210;Faouar - Rejime Maatoug;Tunisie
4264;Faouar - Sabria;Tunisie
4293;Kebeli Nord - Jedida;Tunisie
4280;Kebeli Nord - Kebili Beyez;Tunisie
4274;Kebeli Nord - Limaguez;Tunisie
4233;Kebeli Nord - Rabta;Tunisie
4294;Kebeli Nord - Saidane;Tunisie
4273;Kebeli Nord - Staftimi;Tunisie
4237;Kebeli Nord - Telmine;Tunisie
4232;Kebeli Nord - Tenbib;Tunisie
4235;Kebeli Nord - Tombar;Tunisie
4293;Kebeli Nord - Toura Mansoura;Tunisie
4224;Kebili Sud - Bazma;Tunisie
4253;Kebili Sud - Bechelli;Tunisie
4200;Kebili Sud - Beni Mhamed;Tunisie
4243;Kebili Sud - Blidette;Tunisie
4200;Kebili Sud - Cité Afh;Tunisie
4200;Kebili Sud - Cité du Lycee;Tunisie
4200;Kebili Sud - Cité Militaire;Tunisie
4200;Kebili Sud - El Gataya;Tunisie
4200;Kebili Sud - El Msaid;Tunisie
4242;Kebili Sud - Janaoura;Tunisie
4214;Kebili Sud - Jemna;Tunisie
4263;Kebili Sud - Jersine;Tunisie
4200;Kebili Sud - Kebili;Tunisie
4253;Kebili Sud - Kelouemen;Tunisie
4200;Kebili Sud - Mazraa Neji;Tunisie
4200;Kebili Sud - Oum El Farth;Tunisie
4200;Kebili Sud - Radhouane;Tunisie
4211;Kebili Sud - Rahmet;Tunisie
4236;Souk El Ahed - Bou Abdallah;Tunisie
4283;Souk El Ahed - Chouchet Negga;Tunisie
4223;Souk El Ahed - Fatnassa;Tunisie
4230;Souk El Ahed - Gliaa;Tunisie
4230;Souk El Ahed - Jazira;Tunisie
4230;Souk El Ahed - Jazira El Baiida;Tunisie
4230;Souk El Ahed - Menchia;Tunisie
4283;Souk El Ahed - Negga;Tunisie
4212;Souk El Ahed - Oum Somaa;Tunisie
4230;Souk El Ahed - Souk El Ahad;Tunisie
4213;Souk El Ahed - Zaouiet El Anes;Tunisie
4230;Souk El Ahed - Zaouiet El Harth;Tunisie
1113;Borj Amri - Bir Ettouil;Tunisie
1142;Borj Amri - Borj El Amri;Tunisie
1113;Borj Amri - Borj Ennour;Tunisie
1142;Borj Amri - Cité El Hafsia;Tunisie
1142;Borj Amri - Cité El Intilaka;Tunisie
1142;Borj Amri - Cité El Manai;Tunisie
1142;Borj Amri - Cité Ennouzha 1;Tunisie
1142;Borj Amri - Cité Ennouzha 2;Tunisie
1142;Borj Amri - Cité Taoufik;Tunisie
1142;Borj Amri - Drijette;Tunisie
1113;Borj Amri - El Messaidine;Tunisie
1142;Borj Amri - Enfaiedh;Tunisie
1142;Borj Amri - Ksar Hadid;Tunisie
1142;Borj Amri - Menzel Habib;Tunisie
1142;Borj Amri - Teboltech;Tunisie
1124;Djedeida - Cité Aboubaker Esseddik;Tunisie
1124;Djedeida - Cité Bel Hay;Tunisie
1124;Djedeida - Cité Ben Hassine;Tunisie
1124;Djedeida - Cité de la Rtt;Tunisie
1124;Djedeida - Cité des Andalous;Tunisie
1124;Djedeida - Cité Dhamene;Tunisie
1124;Djedeida - Cité Dhniba;Tunisie
1134;Djedeida - Cité Ecole Primaire;Tunisie
1124;Djedeida - Cité El Baraka;Tunisie
1124;Djedeida - Cité El Hidaya;Tunisie
1124;Djedeida - Cité Ennajet;Tunisie
1124;Djedeida - Cité Ennour;Tunisie
1124;Djedeida - Cité Erriadh;Tunisie
1124;Djedeida - Cité Essaroula;Tunisie
1124;Djedeida - Cité Guichba;Tunisie
1124;Djedeida - Cité Habib El Ayari;Tunisie
1124;Djedeida - Cité Hached;Tunisie
1124;Djedeida - Cité Hamdi;Tunisie
1124;Djedeida - Cité Hammed Nouvelle;Tunisie
1124;Djedeida - Cité Jebel;Tunisie
1124;Djedeida - Cité Mokhtar;Tunisie
1124;Djedeida - Cité Najiba;Tunisie
1124;Djedeida - Cité Rurale;Tunisie
1124;Djedeida - Cité Sidi Salem;Tunisie
1124;Djedeida - Cité Tarek Ibn Zied;Tunisie
1124;Djedeida - Cité Touhami Nefzi;Tunisie
1124;Djedeida - Cité Trabelsi;Tunisie
1124;Djedeida - Cité Yougharta;Tunisie
2012;Djedeida - El Habibia;Tunisie
1124;Djedeida - El Henna;Tunisie
2075;Djedeida - El Mansoura;Tunisie
1124;Djedeida - Ezzahra;Tunisie
1124;Djedeida - Henchir Dheniba;Tunisie
1124;Djedeida - Jedaida;Tunisie
2086;Douar Hicher - Douar Hicher;Tunisie
1114;El Battan - Cité Ben Ghenia;Tunisie
1114;El Battan - Cité Brik;Tunisie
1114;El Battan - Cité El Houda;Tunisie
1114;El Battan - Cité Ennasr;Tunisie
1114;El Battan - Cité Ennour;Tunisie
1114;El Battan - Cité Ennouzha;Tunisie
1114;El Battan - El Battan;Tunisie
1114;El Battan - El Mansoura 2;Tunisie
1114;El Battan - El Mehrine;Tunisie
1114;El Battan - Ezzouitina;Tunisie
1114;El Battan - Ferme No.7;Tunisie
1114;El Battan - Saint Joseph;Tunisie
2010;Mannouba - La Mannouba;Tunisie
1110;Mornaguia - Bou Regba;Tunisie
1110;Mornaguia - Cité Bir Ben Njima;Tunisie
1110;Mornaguia - Cité de la Rtt 3;Tunisie
1110;Mornaguia - Cité Toumia;Tunisie
2028;Mornaguia - El Bassatine;Tunisie
1153;Mornaguia - El Fejja;Tunisie
1110;Mornaguia - El Hamayem;Tunisie
1110;Mornaguia - Ghedaouna;Tunisie
1110;Mornaguia - Mornaguia;Tunisie
1116;Mornaguia - Mornaguia 20 Mars;Tunisie
2071;Mornaguia - Sidi Ali El Hattab;Tunisie
2021;Oued Ellil - Cité Afh;Tunisie
2021;Oued Ellil - Cité Bejoua 2;Tunisie
2021;Oued Ellil - Cité Ben Arfa;Tunisie
2021;Oued Ellil - Cité Ben Jemaa;Tunisie
2021;Oued Ellil - Cité Bennour Bejoua 1;Tunisie
2021;Oued Ellil - Cité Bouzid;Tunisie
2021;Oued Ellil - Cité Dhamene 2;Tunisie
2021;Oued Ellil - Cité El Boustene 1;Tunisie
2021;Oued Ellil - Cité El Boustene 2;Tunisie
2021;Oued Ellil - Cité El Izdihar Bejoua;Tunisie
2021;Oued Ellil - Cité El Moezzia;Tunisie
2021;Oued Ellil - Cité El Moultaka 1;Tunisie
2031;Oued Ellil - Cité Ennacim;Tunisie
2031;Oued Ellil - Cité Erriadh Zone C;Tunisie
2031;Oued Ellil - Cité Erriadh Zone F;Tunisie
2021;Oued Ellil - Cité Ettourjmene;Tunisie
2021;Oued Ellil - Cité Marseille;Tunisie
2021;Oued Ellil - Cité Militaire;Tunisie
2031;Oued Ellil - Essaida;Tunisie
2021;Oued Ellil - Oued Ellil;Tunisie
1144;Tebourba - Ain Zammit;Tunisie
1130;Tebourba - Argoub Erroumi;Tunisie
1130;Tebourba - Bir Ezzitoun;Tunisie
1143;Tebourba - Borj Ettoumi;Tunisie
1133;Tebourba - Chouigui;Tunisie
1130;Tebourba - Cité 7 Novembre;Tunisie
1130;Tebourba - Cité Chebbi;Tunisie
1130;Tebourba - Cité de France;Tunisie
1130;Tebourba - Cité de la Palestine;Tunisie
1130;Tebourba - Cité El Argoub;Tunisie
1130;Tebourba - Cité El Bassatine;Tunisie
1130;Tebourba - Cité El Kef Lahmar;Tunisie
1130;Tebourba - Cité El Kharrouba;Tunisie
1130;Tebourba - Cité El Malja;Tunisie
1130;Tebourba - Cité El Malja Hamra;Tunisie
1130;Tebourba - Cité El Mandra;Tunisie
1130;Tebourba - Cité El Mellassine;Tunisie
1130;Tebourba - Cité Ennajah;Tunisie
1130;Tebourba - Cité Erraja;Tunisie
1130;Tebourba - Cité Errimel;Tunisie
1130;Tebourba - Cité Essaada;Tunisie
1130;Tebourba - Cité Essaada 2;Tunisie
1130;Tebourba - Cité Khelif Jalled;Tunisie
1130;Tebourba - Cité Laroussia;Tunisie
1130;Tebourba - Cité Populaire;Tunisie
1130;Tebourba - Cité Route Chouigui;Tunisie
1130;Tebourba - Cité Souyah;Tunisie
1144;Tebourba - Eddikhila;Tunisie
1144;Tebourba - El Ansarine;Tunisie
1130;Tebourba - El Aroussia;Tunisie
1144;Tebourba - El Haouaria;Tunisie
1143;Tebourba - El Mahfoura;Tunisie
1144;Tebourba - El Mellaha;Tunisie
1144;Tebourba - Gosset El Bey;Tunisie
1130;Tebourba - Goumriane;Tunisie
1144;Tebourba - Gueffaya;Tunisie
1144;Tebourba - Sidi Abdelbasset;Tunisie
1130;Tebourba - Tebourba;Tunisie
1143;Tebourba - Toungar;Tunisie
7170;Dahmani - Adissi;Tunisie
7170;Dahmani - Ain Meskhia;Tunisie
7170;Dahmani - Charket Essaboun;Tunisie
7170;Dahmani - Cité 1 Mai 1;Tunisie
7170;Dahmani - Cité 1 Mai 2;Tunisie
7170;Dahmani - Cité 2 Mars 1;Tunisie
7170;Dahmani - Cité 2 Mars 2;Tunisie
7170;Dahmani - Cité Ben Ammar 1;Tunisie
7170;Dahmani - Cité Ben Ammar 2;Tunisie
7170;Dahmani - Cité Ben Hafdhallah;Tunisie
7170;Dahmani - Cité El Azima;Tunisie
7170;Dahmani - Cité El Intilak;Tunisie
7170;Dahmani - Cité Ennasr;Tunisie
7170;Dahmani - Cité Ennour;Tunisie
7170;Dahmani - Cité Erriadh;Tunisie
7170;Dahmani - Cité Essanabel;Tunisie
7170;Dahmani - Cité Essanaouber 1;Tunisie
7170;Dahmani - Cité Essanaouber 2;Tunisie
7170;Dahmani - Cité Ettenmia;Tunisie
7170;Dahmani - Cité Hopital;Tunisie
7170;Dahmani - Cité Ibn Khaldoun;Tunisie
7170;Dahmani - Cité Mohamed Ali;Tunisie
7170;Dahmani - Cité Sidi Dahmani;Tunisie
7170;Dahmani - Dahmani;Tunisie
7170;Dahmani - Sidi Asker;Tunisie
7170;Dahmani - Sidi Baraket Nord;Tunisie
7170;Dahmani - Sidi Baraket Sud;Tunisie
7170;Dahmani - Zouarine;Tunisie
7114;Djerissa - Cité Ahmed Tlili;Tunisie
7114;Djerissa - Cité Ali Ben Ghedhahom;Tunisie
7114;Djerissa - Cité Ali Ben Khlifa;Tunisie
7114;Djerissa - Cité Bourguiba;Tunisie
7114;Djerissa - Cité Chahid El Aid 1;Tunisie
7114;Djerissa - Cité Chahid El Aid 2;Tunisie
7114;Djerissa - Cité de la Gare;Tunisie
7114;Djerissa - Cité des Ingenieurs;Tunisie
7114;Djerissa - Cité des Instituteurs;Tunisie
7114;Djerissa - Cité des Martyrs;Tunisie
7114;Djerissa - Cité des Ouvriers;Tunisie
7114;Djerissa - Cité du Souk;Tunisie
7114;Djerissa - Cité Echahid Belgacem;Tunisie
7114;Djerissa - Cité Echahid Sadok;Tunisie
7114;Djerissa - Cité Errouki;Tunisie
7114;Djerissa - Cité Essaada;Tunisie
7114;Djerissa - Cité Essanaouber Ancienne;Tunisie
7114;Djerissa - Cité Essanaouber Nouvelle;Tunisie
7114;Djerissa - Cité Essarouel;Tunisie
7114;Djerissa - Cité Ettahrir;Tunisie
7114;Djerissa - Cité Ezzouhour;Tunisie
7114;Djerissa - Cité Hached Nord;Tunisie
7114;Djerissa - Cité Hached Sud;Tunisie
7114;Djerissa - Cité Mohamed Ali;Tunisie
7114;Djerissa - Cité Mohamed Ali Nlle;Tunisie
7114;Djerissa - Cité Sidi Yahya;Tunisie
7114;Djerissa - Cité Taieb Mhiri;Tunisie
7114;Djerissa - El Gorraia;Tunisie
7114;Djerissa - El Hayadra;Tunisie
7114;Djerissa - Ennaiem;Tunisie
7114;Djerissa - Esbiaat;Tunisie
7114;Djerissa - Fej Ettamr;Tunisie
7114;Djerissa - Henchir Sarrat;Tunisie
7114;Djerissa - Jerissa;Tunisie
7114;Djerissa - Jerissa Gare;Tunisie
7114;Djerissa - Oum El Kelil;Tunisie
7160;El Ksour - Ain Ksiba;Tunisie
7160;El Ksour - Banou;Tunisie
7160;El Ksour - Cité Ali El Bahloul;Tunisie
7160;El Ksour - Cité Attouche;Tunisie
7160;El Ksour - Cité Centre Ville;Tunisie
7160;El Ksour - Cité El Borj;Tunisie
7160;El Ksour - Cité El Hella;Tunisie
7160;El Ksour - Cité Essaada;Tunisie
7160;El Ksour - Cité Mohamed Ali;Tunisie
7160;El Ksour - Cité Safia 1;Tunisie
7160;El Ksour - Cité Safia 2;Tunisie
7160;El Ksour - Cité Sidi Ali Mahjoub;Tunisie
7160;El Ksour - Cité Sidi Mansour;Tunisie
7160;El Ksour - Echaabna;Tunisie
7160;El Ksour - Eddhila;Tunisie
7160;El Ksour - El Afset;Tunisie
7160;El Ksour - El Hmarna;Tunisie
7160;El Ksour - El Houilat;Tunisie
7160;El Ksour - El Ksour;Tunisie
7115;El Ksour - Ezzitouna;Tunisie
7160;El Ksour - Kirata;Tunisie
7160;El Ksour - Louata;Tunisie
7160;El Ksour - Ouled Bouraoui;Tunisie
7160;El Ksour - Ouled Ghana;Tunisie
7160;El Ksour - Ouled Zid;Tunisie
7180;Essers - Bou Sliaa;Tunisie
7180;Essers - Cité du Pont;Tunisie
7180;Essers - Cité El Bassatine;Tunisie
7180;Essers - Cité Ennacim;Tunisie
7180;Essers - Cité Ennour;Tunisie
7180;Essers - Cité Ennour 2;Tunisie
7180;Essers - Cité Ennouzha;Tunisie
7180;Essers - Cité Erriadh;Tunisie
7180;Essers - Cité Essanaouber;Tunisie
7180;Essers - Cité Ezzouhour;Tunisie
7180;Essers - El Argoub;Tunisie
7180;Essers - Elles;Tunisie
7180;Essers - El Mellaha;Tunisie
7180;Essers - Labar;Tunisie
7180;Essers - Le Sers;Tunisie
7180;Essers - Le Vieux Sers;Tunisie
7180;Essers - Lorbous;Tunisie
7180;Essers - Lorbous Gare;Tunisie
7180;Essers - Sidi Nasser;Tunisie
7180;Essers - Tricha;Tunisie
7113;Kalaat Khasbah - Cité Errouka;Tunisie
7113;Kalaat Khasbah - Cité Essouitir;Tunisie
7113;Kalaat Khasbah - Kalaa El Khasba;Tunisie
7123;Kalaat Khasbah - Sidi Ahmed Essalah;Tunisie
7136;Kalaat Snan - Bou Jabeur;Tunisie
7130;Kalaat Snan - Cité Bourguiba;Tunisie
7130;Kalaat Snan - Cité du Jardin;Tunisie
7130;Kalaat Snan - Cité du Stade;Tunisie
7130;Kalaat Snan - Cité El Bassatine;Tunisie
7130;Kalaat Snan - Cité Ennacim;Tunisie
7130;Kalaat Snan - Cité Ennour;Tunisie
7130;Kalaat Snan - Cité Essanabel;Tunisie
7130;Kalaat Snan - Cité Essanaouber Bou Arara;Tunisie
7130;Kalaat Snan - Cité Ezzouhour Bou Arara;Tunisie
7130;Kalaat Snan - Cité Mongi Slim;Tunisie
7130;Kalaat Snan - Cité Yougharta;Tunisie
7130;Kalaat Snan - El Felta;Tunisie
7130;Kalaat Snan - Errebiba;Tunisie
7130;Kalaat Snan - Kalaat Sinane;Tunisie
7130;Kalaat Snan - Safsaf;Tunisie
7100;Kef Est - Barnoussa;Tunisie
7122;Kef Est - Borj El Aifa;Tunisie
7100;Kef Est - Bou Meftah;Tunisie
7100;Kef Est - Cité 1er Mai;Tunisie
7100;Kef Est - Cité 2 Mars;Tunisie
7100;Kef Est - Cité 3 Aout;Tunisie
7100;Kef Est - Cité 7 Novembre;Tunisie
7100;Kef Est - Cité Ain Mnekh;Tunisie
7100;Kef Est - Cité Ammar Ayari;Tunisie
7100;Kef Est - Cité Bahri Barbouche;Tunisie
7100;Kef Est - Cité Bayedh;Tunisie
7100;Kef Est - Cité Bir Thelj;Tunisie
7100;Kef Est - Cité Bourayou;Tunisie
7100;Kef Est - Cité Cherichi;Tunisie
7100;Kef Est - Cité de la Gare;Tunisie
7100;Kef Est - Cité de la Liberte;Tunisie
7100;Kef Est - Cité des Enseignants;Tunisie
7100;Kef Est - Cité Eddyr;Tunisie
7100;Kef Est - Cité El Bassatine;Tunisie
7100;Kef Est - Cité El Farah;Tunisie
7100;Kef Est - Cité El Hana;Tunisie
7100;Kef Est - Cité El Izdihar;Tunisie
7100;Kef Est - Cité El Ouns;Tunisie
7100;Kef Est - Cité Ennacim;Tunisie
7100;Kef Est - Cité Ennouhoudh 1;Tunisie
7100;Kef Est - Cité Ennouhoudh 2;Tunisie
7100;Kef Est - Cité Erriadh;Tunisie
7100;Kef Est - Cité Essaada 1;Tunisie
7100;Kef Est - Cité Essaada 2;Tunisie
7100;Kef Est - Cité Essakhra;Tunisie
7100;Kef Est - Cité Ezzitouna;Tunisie
7100;Kef Est - Cité Fourati;Tunisie
7100;Kef Est - Cité Hached;Tunisie
7100;Kef Est - Cité Harrouch;Tunisie
7100;Kef Est - Cité Ibn Abi Dhiaf;Tunisie
7100;Kef Est - Cité Ibn Khaldoun;Tunisie
7100;Kef Est - Cité Souani Laaneb 1;Tunisie
7100;Kef Est - Cité Souani Laaneb 2;Tunisie
7100;Kef Est - Cité Taieb Mhiri;Tunisie
7100;Kef Est - Cité Tounsi Arnous;Tunisie
7100;Kef Est - Ennaima;Tunisie
7100;Kef Est - Le Kef;Tunisie
7100;Kef Est - Oued Erraml;Tunisie
7194;Kef Est - Oued Souani;Tunisie
7100;Kef Est - Oued Tessa;Tunisie
7100;Kef Est - Salah El Bahri;Tunisie
7100;Kef Est - Semana;Tunisie
7100;Kef Est - Sidi Mansour;Tunisie
7134;Kef Est - Zaafrane;Tunisie
7100;Kef Est - Z.I.;Tunisie
7110;Nebeur - Cité Ennasr;Tunisie
7110;Nebeur - Cité Hadj Ahmed;Tunisie
7110;Nebeur - Cité Nouvelle;Tunisie
7110;Nebeur - Nebeur;Tunisie
7111;Nebeur - Oued Mellegue;Tunisie
7131;Nebeur - Sidi Khiar;Tunisie
7141;Nebeur - Tell Ghouzlane;Tunisie
7110;Nebeur - Z.I.;Tunisie
7112;Nebeur - Bir Ben Cherifa;Tunisie
7112;Nebeur - Cité El Izdihar;Tunisie
7112;Nebeur - Cité Ennour;Tunisie
7112;Nebeur - Cité Essaada;Tunisie
7112;Nebeur - Gargour;Tunisie
7112;Nebeur - Ladhieb;Tunisie
7112;Nebeur - Mellala;Tunisie
7112;Nebeur - Ouljet Essedra;Tunisie
7112;Nebeur - Touiref;Tunisie
7120;Sakiet Sidi Youssef - Cité 8 Fevrier 1;Tunisie
7120;Sakiet Sidi Youssef - Cité 8 Fevrier 2;Tunisie
7120;Sakiet Sidi Youssef - Cité 8 Fevrier 3;Tunisie
7120;Sakiet Sidi Youssef - Cité des Ouvriers;Tunisie
7120;Sakiet Sidi Youssef - Cité El Intilaka;Tunisie
7120;Sakiet Sidi Youssef - Cité El Kerfeh;Tunisie
7120;Sakiet Sidi Youssef - Cité Ennour 1;Tunisie
7120;Sakiet Sidi Youssef - Cité Ennour 2;Tunisie
7120;Sakiet Sidi Youssef - Cité Ettahrir;Tunisie
7120;Sakiet Sidi Youssef - Cité Moniments;Tunisie
7120;Sakiet Sidi Youssef - Cité Sakmo;Tunisie
7120;Sakiet Sidi Youssef - Cité Sprols;Tunisie
7120;Sakiet Sidi Youssef - Essakia;Tunisie
7120;Sakiet Sidi Youssef - Farchen;Tunisie
7120;Sakiet Sidi Youssef - Jeradou;Tunisie
7120;Sakiet Sidi Youssef - La Mine;Tunisie
7120;Sakiet Sidi Youssef - Place de la Republique;Tunisie
7120;Sakiet Sidi Youssef - Sidi Rabeh;Tunisie
7120;Sakiet Sidi Youssef - Tabia;Tunisie
7150;Tajerouine - Cité 7 Novembre;Tunisie
7150;Tajerouine - Cité Afh;Tunisie
7150;Tajerouine - Cité Ain El Bar;Tunisie
7150;Tajerouine - Cité Bourguiba 1;Tunisie
7150;Tajerouine - Cité Bourguiba 2;Tunisie
7150;Tajerouine - Cité Bourguiba 3;Tunisie
7150;Tajerouine - Cité Ciok;Tunisie
7150;Tajerouine - Cité de la Palestine;Tunisie
7150;Tajerouine - Cité des Martyrs;Tunisie
7150;Tajerouine - Cité du Souk;Tunisie
7150;Tajerouine - Cité du Stade;Tunisie
7150;Tajerouine - Cité El Ain;Tunisie
7150;Tajerouine - Cité El Bassatine;Tunisie
7150;Tajerouine - Cité El Besma 1;Tunisie
7150;Tajerouine - Cité El Besma 2;Tunisie
7150;Tajerouine - Cité El Fouroussia;Tunisie
7150;Tajerouine - Cité Errahba;Tunisie
7150;Tajerouine - Cité Essakia;Tunisie
7150;Tajerouine - Cité Essanaouber;Tunisie
7150;Tajerouine - Cité Ezzitouna;Tunisie
7150;Tajerouine - Cité Habib Thameur;Tunisie
7150;Tajerouine - Cité Hopital;Tunisie
7150;Tajerouine - Cité Jebel;Tunisie
7150;Tajerouine - Cité Taieb Mhiri;Tunisie
7150;Tajerouine - El Hodh;Tunisie
7150;Tajerouine - Garn El Halfaya;Tunisie
7153;Tajerouine - Jazza;Tunisie
7150;Tajerouine - La Gare;Tunisie
7132;Tajerouine - Mahjouba;Tunisie
7151;Tajerouine - Menzel Salem;Tunisie
7150;Tajerouine - Sidi Abdelbasset;Tunisie
7133;Tajerouine - Sidi Mtir;Tunisie
7150;Tajerouine - Tajerouine;Tunisie
7150;Tajerouine - Tajerouine Gare;Tunisie
5125;Bou Merdès - Bou Helal Sud;Tunisie
5110;Bou Merdès - Bou Merdes;Tunisie
5110;Bou Merdès - Chouaria;Tunisie
5112;Bou Merdès - Cité Administrative;Tunisie
5112;Bou Merdès - Cité Ghrissine;Tunisie
5112;Bou Merdès - Cité Jebel;Tunisie
5112;Bou Merdès - Cité Rurale;Tunisie
5112;Bou Merdès - Cité Snit;Tunisie
5112;Bou Merdès - El Aouadhbia;Tunisie
5110;Bou Merdès - El Hous;Tunisie
5112;Bou Merdès - El Melahma;Tunisie
5110;Bou Merdès - Ennaima;Tunisie
5112;Bou Merdès - Errebibette;Tunisie
5110;Bou Merdès - Errouadhi;Tunisie
5112;Bou Merdès - Kerker;Tunisie
5110;Bou Merdès - Menzel Hamza Est;Tunisie
5110;Bou Merdès - Menzel Hamza Ouest;Tunisie
5110;Bou Merdès - Zerata;Tunisie
5170;Chebba - Ferahta;Tunisie
5170;Chebba - La Chebba;Tunisie
5170;Chebba - Merkez Chaabna;Tunisie
5130;Chorbane - Charaf;Tunisie
5130;Chorbane - Chorbane;Tunisie
5130;Chorbane - Cité Nouvelle;Tunisie
5130;Chorbane - El Bassora;Tunisie
5130;Chorbane - El Gouassem;Tunisie
5130;Chorbane - El Gradha Est;Tunisie
5130;Chorbane - El Gradha Ouest;Tunisie
5130;Chorbane - El Khiour;Tunisie
5130;Chorbane - Henchir Bouaziz;Tunisie
5130;Chorbane - Kheradna;Tunisie
5130;Chorbane - Maati Cheraf;Tunisie
5130;Chorbane - Maati Henchir Bou Aziz;Tunisie
5135;Chorbane - Neffatia;Tunisie
5130;Chorbane - Ouled Abdennebi;Tunisie
5130;Chorbane - Ouled Ahmed;Tunisie
5130;Chorbane - Ouled Cherifa;Tunisie
5130;Chorbane - Ouled El Hannachi;Tunisie
5130;Chorbane - Ouled Sghaier;Tunisie
5160;El Djem - Cité Ibn Sina;Tunisie
5160;El Djem - Cité Nouvelle;Tunisie
5124;El Djem - El Achaba;Tunisie
5153;El Djem - El Aitha;Tunisie
5160;El Djem - El Jem;Tunisie
5160;El Djem - El Mechelette;Tunisie
5153;El Djem - Ouled El Haj;Tunisie
5160;El Djem - Ouled Farhat;Tunisie
5153;El Djem - Riadh Bou Helal;Tunisie
5160;El Djem - Sidi Bou Helal;Tunisie
5124;El Djem - Tlelsa;Tunisie
5124;El Djem - Touahra;Tunisie
5160;El Djem - Zeghabna;Tunisie
5140;Essouassi - Cité 9 Avril;Tunisie
5140;Essouassi - Cité Afh;Tunisie
5140;Essouassi - Cité Commerciale;Tunisie
5140;Essouassi - Cité Ettaamir;Tunisie
5140;Essouassi - Cité Ezzouhour;Tunisie
5140;Essouassi - Cité Ibn Khaldoun;Tunisie
5140;Essouassi - Cité Industrielle;Tunisie
5140;Essouassi - Cité Populaire;Tunisie
5145;Essouassi - El Mansoura Souassi;Tunisie
5140;Essouassi - Essetoute;Tunisie
5140;Essouassi - Ethouabtia;Tunisie
5140;Essouassi - Ezzeirate;Tunisie
5140;Essouassi - Gdarat;Tunisie
5144;Essouassi - Jemamla;Tunisie
5140;Essouassi - Jemiaat;Tunisie
5155;Essouassi - Ksesba;Tunisie
5140;Essouassi - Ouled Amor;Tunisie
5140;Essouassi - Ouled Bou Helal;Tunisie
5140;Essouassi - Ouled Khelifa;Tunisie
5140;Essouassi - Ouled Moulahoum;Tunisie
5140;Essouassi - Ouled Moulahoum Sud;Tunisie
5140;Essouassi - Rejibet;Tunisie
5140;Essouassi - Sidi Bou Helal;Tunisie
5140;Essouassi - Sidi Naceur Nord;Tunisie
5134;Essouassi - Sidi Zid;Tunisie
5140;Essouassi - Souassi;Tunisie
5113;Hebira - Chahda Ouest;Tunisie
5113;Hebira - Chatt Ouled Ncib;Tunisie
5113;Hebira - El Hajjara;Tunisie
5113;Hebira - Hbira;Tunisie
5154;Hebira - Meharza 18;Tunisie
5122;Hebira - Menzel Hached;Tunisie
5113;Hebira - Regaiga;Tunisie
5180;Ksour Essef - Cité Dhamene;Tunisie
5126;Ksour Essef - Cité Douira;Tunisie
5180;Ksour Essef - Cité El Bassatine;Tunisie
5180;Ksour Essef - Cité El Fatimi;Tunisie
5126;Ksour Essef - Cité El Hajeb;Tunisie
5126;Ksour Essef - Cité El Imarat;Tunisie
5180;Ksour Essef - Cité El Malaji;Tunisie
5126;Ksour Essef - Cité El Menagua;Tunisie
5180;Ksour Essef - Cité El Wafa;Tunisie
5180;Ksour Essef - Cité Ezzouhour;Tunisie
5126;Ksour Essef - Cité Populaire;Tunisie
5180;Ksour Essef - Cité Salah Ben Ali;Tunisie
5115;Ksour Essef - El Bradaa;Tunisie
5136;Ksour Essef - El Ghedhabna;Tunisie
5115;Ksour Essef - El Hessinette;Tunisie
5136;Ksour Essef - El Khmara;Tunisie
5180;Ksour Essef - Ksour Essaf;Tunisie
5189;Ksour Essef - Ksour Essaf Hached;Tunisie
5116;Ksour Essef - Ouled Salah;Tunisie
5146;Ksour Essef - Rechercha;Tunisie
5126;Ksour Essef - Salakta;Tunisie
5116;Ksour Essef - Sidi Assaker;Tunisie
5100;Mahdia - Cité Afh;Tunisie
5100;Mahdia - Cité Bourguiba;Tunisie
5111;Mahdia - Cité des Infirmiers;Tunisie
5100;Mahdia - Cité El Moez;Tunisie
5111;Mahdia - Cité Ennour;Tunisie
5199;Mahdia - Cité Essaada;Tunisie
5199;Mahdia - Cité Essalem;Tunisie
5100;Mahdia - Cité Ettaamir;Tunisie
5100;Mahdia - Cité Hached;Tunisie
5121;Mahdia - Cité Nouvelle;Tunisie
5121;Mahdia - Cité Populaire;Tunisie
5111;Mahdia - Cité Sidi Messaoud;Tunisie
5100;Mahdia - Cité Taher Sfar;Tunisie
5111;Mahdia - Eddikhila 3;Tunisie
5131;Mahdia - El Hekaima;Tunisie
5127;Mahdia - Essaad;Tunisie
5131;Mahdia - Jouaouda;Tunisie
5100;Mahdia - Mahdia;Tunisie
5129;Mahdia - Mahdia Essouk;Tunisie
5199;Mahdia - Mahdia Ezzahra;Tunisie
5111;Mahdia - Mahdia Hiboun;Tunisie
5150;Mahdia - Mahdia Republique;Tunisie
5131;Mahdia - Merkez Ouled Dhaouadi;Tunisie
5121;Mahdia - Rejiche;Tunisie
5131;Mahdia - Zouaouine;Tunisie
5117;Melloulech - El Houd;Tunisie
5117;Melloulech - El Mansoura;Tunisie
5114;Melloulech - Melloulech;Tunisie
5114;Melloulech - Ouled Abdallah;Tunisie
5117;Melloulech - Ouled Jaballah;Tunisie
5114;Melloulech - Ouled Mabrouk;Tunisie
5123;Ouled Chamekh - Chehimet;Tunisie
5120;Ouled Chamekh - El Ajilette;Tunisie
5120;Ouled Chamekh - El Manaa;Tunisie
5120;Ouled Chamekh - El Mharza Est;Tunisie
5123;Ouled Chamekh - Ouled Amor;Tunisie
5120;Ouled Chamekh - Ouled Bouzid;Tunisie
5120;Ouled Chamekh - Ouled Chamakh;Tunisie
5120;Ouled Chamekh - Somra;Tunisie
5190;Sidi Alouane - Cité Dar El Hadad;Tunisie
5132;Sidi Alouane - El Bassatine;Tunisie
5151;Sidi Alouane - El Braghtia;Tunisie
5193;Sidi Alouane - El Henichette;Tunisie
5193;Sidi Alouane - El Mejria;Tunisie
5192;Sidi Alouane - Ennouzha;Tunisie
5132;Sidi Alouane - Essaada;Tunisie
5132;Sidi Alouane - Merkez Ouled Haj Khelifa;Tunisie
5193;Sidi Alouane - Oued Beja;Tunisie
5132;Sidi Alouane - Oued Guelat;Tunisie
5192;Sidi Alouane - Ouled Aicha;Tunisie
5132;Sidi Alouane - Sakiet El Khadem;Tunisie
5132;Sidi Alouane - Sidi Ali Ghedir;Tunisie
5190;Sidi Alouane - Sidi Alouene;Tunisie
5192;Sidi Alouane - Zelba;Tunisie
5192;Sidi Alouane - Zelba El Henchir;Tunisie
5151;Sidi Alouane - Zorda;Tunisie
4160;Ben Guerdane - Bou Hamed;Tunisie
4160;Ben Guerdane - Chareb Errajel;Tunisie
4163;Ben Guerdane - Chehbania;Tunisie
4160;Ben Guerdane - Cité El Baath;Tunisie
4160;Ben Guerdane - Cité Ennour;Tunisie
4160;Ben Guerdane - Cité Essourour;Tunisie
4160;Ben Guerdane - Cité Populaire;Tunisie
4160;Ben Guerdane - El Maamrate;Tunisie
4192;Ben Guerdane - Jalel;Tunisie
4193;Ben Guerdane - Jemila;Tunisie
4160;Ben Guerdane - Neffatia;Tunisie
4160;Ben Guerdane - Oued Errabaya;Tunisie
4183;Ben Guerdane - Ouersnia;Tunisie
4153;Ben Guerdane - Ras Jedir;Tunisie
4160;Ben Guerdane - Sayah;Tunisie
4160;Ben Guerdane - Tabai;Tunisie
4110;Beni Khedech - Beni Khedache;Tunisie
4159;Beni Khedech - Chouamekh;Tunisie
4110;Beni Khedech - Cité Ennour;Tunisie
4110;Beni Khedech - Cité Erriadh;Tunisie
4110;Beni Khedech - Cité Ettahrir;Tunisie
4110;Beni Khedech - Cité Ezzouhour;Tunisie
4110;Beni Khedech - Cité Ibn Khaldoun;Tunisie
4110;Beni Khedech - Cité Sidi Mansour;Tunisie
4151;Beni Khedech - Eddikhila;Tunisie
4151;Beni Khedech - El Behira;Tunisie
4151;Beni Khedech - Foum Ennagueb;Tunisie
4132;Beni Khedech - Halg Jemal;Tunisie
4110;Beni Khedech - Ksar El Hallouf;Tunisie
4122;Beni Khedech - Ksar El Jira;Tunisie
4110;Beni Khedech - Ksar El Kherachfa;Tunisie
4151;Beni Khedech - Ksar Jedid;Tunisie
4110;Beni Khedech - Ksar Jouamaa;Tunisie
4151;Beni Khedech - Ksar Krikria;Tunisie
4112;Beni Khedech - Ouerjijene;Tunisie
4110;Beni Khedech - Zammour;Tunisie
4135;Djerba Ajim - Bou Smail;Tunisie
4135;Djerba Ajim - Chaouch;Tunisie
4135;Djerba Ajim - Cité Populaire;Tunisie
4125;Djerba Ajim - El Groo;Tunisie
4155;Djerba Ajim - El Guebline;Tunisie
4135;Djerba Ajim - Ghandri;Tunisie
4155;Djerba Ajim - Guellala;Tunisie
4135;Djerba Ajim - Houmet Ben Harzallh;Tunisie
4135;Djerba Ajim - Houmet Bou Hastine;Tunisie
4155;Djerba Ajim - Houmet El Fahmine;Tunisie
4135;Djerba Ajim - Houmet Issa;Tunisie
4125;Djerba Ajim - Jabira;Tunisie
4135;Djerba Ajim - Khenensa;Tunisie
4150;Djerba Ajim - Methania;Tunisie
4135;Djerba Ajim - Mezrane;Tunisie
4166;Djerba Ajim - Oued Zbib;Tunisie
4155;Djerba Ajim - Tlet;Tunisie
4180;Djerba Houmet Souk - Cité Ben Issa;Tunisie
4180;Djerba Houmet Souk - Cité Bou Okkazine;Tunisie
4185;Djerba Houmet Souk - Cité de la Douane;Tunisie
4180;Djerba Houmet Souk - Cité de la Police;Tunisie
4180;Djerba Houmet Souk - Cité des Enseignants;Tunisie
4180;Djerba Houmet Souk - Cité Erriadh;Tunisie
4180;Djerba Houmet Souk - Cité Jouamaa;Tunisie
4180;Djerba Houmet Souk - Cité Ouvriere 1;Tunisie
4180;Djerba Houmet Souk - Cité Ouvriere 2;Tunisie
4180;Djerba Houmet Souk - Cité Populaire;Tunisie
4180;Djerba Houmet Souk - Cité Sidi El Bahri;Tunisie
4185;Djerba Houmet Souk - Cité Sidi Zaied;Tunisie
4146;Djerba Houmet Souk - Cité Snit;Tunisie
4146;Djerba Houmet Souk - Erriadh;Tunisie
4180;Djerba Houmet Souk - Fatou;Tunisie
4156;Djerba Houmet Souk - Ghizen;Tunisie
4195;Djerba Houmet Souk - Guechiine;Tunisie
4180;Djerba Houmet Souk - Hachene;Tunisie
4146;Djerba Houmet Souk - Houmet Larbeh;Tunisie
4180;Djerba Houmet Souk - Jerba;Tunisie
4120;Djerba Houmet Souk - Jerba aéroport;Tunisie
4115;Djerba Houmet Souk - Mellita Jerba;Tunisie
4186;Djerba Houmet Souk - Mezraya;Tunisie
4123;Djerba Houmet Souk - Oualegh;Tunisie
4182;Djerba Houmet Souk - Sarandi;Tunisie
4136;Djerba Houmet Souk - Sedghiane;Tunisie
4179;Djerba Houmet Souk - Sidi Mehrez;Tunisie
4190;Djerba Houmet Souk - Sidi Zaied;Tunisie
4185;Djerba Houmet Souk - Souani;Tunisie
4176;Djerba Midoun - Arkou;Tunisie
4126;Djerba Midoun - Beni Maaguel;Tunisie
4145;Djerba Midoun - Cedouikeche;Tunisie
4199;Djerba Midoun - Dar Jerba;Tunisie
4116;Djerba Midoun - El Hadadda;Tunisie
4145;Djerba Midoun - El Krachoua;Tunisie
4175;Djerba Midoun - El May;Tunisie
4175;Djerba Midoun - Houmet Hazem;Tunisie
4116;Djerba Midoun - Jamaa El Gaied;Tunisie
4116;Djerba Midoun - Khazroun;Tunisie
4165;Djerba Midoun - Mahboubine;Tunisie
4116;Djerba Midoun - Midoun;Tunisie
4145;Djerba Midoun - Ouersighen;Tunisie
4113;Djerba Midoun - Ouled Amor;Tunisie
4133;Djerba Midoun - Robbana;Tunisie
4116;Djerba Midoun - Sayagh;Tunisie
4116;Djerba Midoun - Sidi Yati;Tunisie
4145;Djerba Midoun - Tafartast;Tunisie
4145;Djerba Midoun - Tomogret;Tunisie
4116;Djerba Midoun - Zone Hoteliere;Tunisie
4100;Medenine Nord - Cité Ennour;Tunisie
4100;Medenine Nord - Cité Ezzouhour;Tunisie
4100;Medenine Nord - Cité Haddada;Tunisie
4100;Medenine Nord - Cité Jouamaa;Tunisie
4100;Medenine Nord - Cité Nouvelle;Tunisie
4100;Medenine Nord - Cité Sidi Ezzitouni;Tunisie
4121;Medenine Nord - Koutine;Tunisie
4130;Medenine Nord - Medenine El Jedida;Tunisie
4142;Medenine Nord - Medenine El Maarifa;Tunisie
4111;Medenine Nord - Oum Ettamar;Tunisie
4100;Medenine Sud - Beni Ghezeyel;Tunisie
4141;Medenine Sud - Bou Ghrara;Tunisie
4100;Medenine Sud - Cité Cheraiha;Tunisie
4100;Medenine Sud - Cité des Abricots;Tunisie
4100;Medenine Sud - Cité El Ahras;Tunisie
4100;Medenine Sud - Cité Ennacim;Tunisie
4100;Medenine Sud - Cité Erraja;Tunisie
4100;Medenine Sud - Cité Gammoudi Cheref;Tunisie
4100;Medenine Sud - Cité Touta;Tunisie
4100;Medenine Sud - El Amra;Tunisie
4143;Medenine Sud - El Maghraouia;Tunisie
4100;Medenine Sud - Essaadane;Tunisie
4131;Medenine Sud - Hassi Amor;Tunisie
4100;Medenine Sud - Medenine;Tunisie
4127;Medenine Sud - Medenine Perseverance;Tunisie
4100;Medenine Sud - Oued Esseder;Tunisie
4100;Medenine Sud - Souitir;Tunisie
4100;Medenine Sud - Tajerjimet;Tunisie
4100;Medenine Sud - Touicha;Tunisie
4191;Sidi Makhlouf - Cité 9 Avril;Tunisie
4181;Sidi Makhlouf - El Bayaz;Tunisie
4181;Sidi Makhlouf - El Ghabbay;Tunisie
4191;Sidi Makhlouf - El Gosba;Tunisie
4191;Sidi Makhlouf - El Grine;Tunisie
4191;Sidi Makhlouf - El Morra;Tunisie
4181;Sidi Makhlouf - Erragouba;Tunisie
4181;Sidi Makhlouf - Erragouba El Gharbia;Tunisie
4117;Sidi Makhlouf - Jorf;Tunisie
4191;Sidi Makhlouf - Sidi Makhlouf;Tunisie
4170;Zarzis - Bou Jlida;Tunisie
4170;Zarzis - Bou Teffaha;Tunisie
4134;Zarzis - Chammakh;Tunisie
4173;Zarzis - Cité Beni Fetaiel 1;Tunisie
4173;Zarzis - Cité Beni Fetaiel 2;Tunisie
4170;Zarzis - Cité Chokrbane;Tunisie
4170;Zarzis - Cité Darb El Bab;Tunisie
4134;Zarzis - Cité El Kriba;Tunisie
4173;Zarzis - Cité El Mansoura;Tunisie
4170;Zarzis - Cité Ksar Ouled Mhamed;Tunisie
4170;Zarzis - Cité Ksar Ouled Said;Tunisie
4134;Zarzis - Cité Populaire;Tunisie
4173;Zarzis - Cité Sangho;Tunisie
4170;Zarzis - Cité Sidi El Kebir;Tunisie
4173;Zarzis - Cité Sidi Saad;Tunisie
4134;Zarzis - Cité Zrig;Tunisie
4154;Zarzis - El Ghrabate;Tunisie
4124;Zarzis - El Hichem;Tunisie
4134;Zarzis - El Khriba;Tunisie
4170;Zarzis - El Marathia;Tunisie
4144;Zarzis - El Mouensa;Tunisie
4114;Zarzis - Erraja;Tunisie
4164;Zarzis - Gribis;Tunisie
4194;Zarzis - Hamadi El Guebli;Tunisie
4174;Zarzis - Hassi Jerbi;Tunisie
4172;Zarzis - Jedaria;Tunisie
4170;Zarzis - Kaoui El Kadir;Tunisie
4170;Zarzis - Khaoui El Ghedir;Tunisie
4170;Zarzis - Ksar Ezzaouia;Tunisie
4173;Zarzis - Lella Mariem;Tunisie
4170;Zarzis - Ouglet Souihel;Tunisie
4173;Zarzis - Ouled Abdennebi;Tunisie
4170;Zarzis - Ras Edhahra;Tunisie
4170;Zarzis - Sahbi;Tunisie
4170;Zarzis - Sanchou;Tunisie
4173;Zarzis - Souihel;Tunisie
4170;Zarzis - Zarzis;Tunisie
4137;Zarzis - Zarzis Zone Franche;Tunisie
5090;Bekalta - Bekalta;Tunisie
5091;Bekalta - Charaf;Tunisie
5090;Bekalta - Cité El Bassatine;Tunisie
5090;Bekalta - Cité El Izdihar;Tunisie
5090;Bekalta - Cité Nouvelle;Tunisie
5092;Bekalta - El Behira;Tunisie
5090;Bekalta - Guealla;Tunisie
5090;Bekalta - Ouled Hedda;Tunisie
5090;Bekalta - Ouled Issa;Tunisie
5090;Bekalta - Ouled Touibi;Tunisie
5090;Bekalta - Zebid;Tunisie
5022;Bembla - Cité 2 Mars;Tunisie
5022;Bembla - Cité El Jazia;Tunisie
5021;Bembla - Cité El Khadhra;Tunisie
5021;Bembla - Cité El Mandra;Tunisie
5021;Bembla - Cité Ennabka;Tunisie
5021;Bembla - Cité Populaire;Tunisie
5022;Bembla - Cité Souihria;Tunisie
5032;Bembla - Mazdour;Tunisie
5076;Bembla - Menara;Tunisie
5022;Bembla - Menzel Ennour;Tunisie
5036;Bembla - Menzel Harb;Tunisie
5014;Beni Hassen - Beni Hassen;Tunisie
5014;Beni Hassen - Cité Ettahrir;Tunisie
5026;Beni Hassen - Ghenada;Tunisie
5020;Jammel - Cité Commerciale 1;Tunisie
5020;Jammel - Cité Commerciale 2;Tunisie
5020;Jammel - Cité El Amen;Tunisie
5020;Jammel - Cité El Bassatine1;Tunisie
5020;Jammel - Cité El Bassatine2;Tunisie
5020;Jammel - Cité El Fateh;Tunisie
5020;Jammel - Cité El Intilaka;Tunisie
5020;Jammel - Cité El Izdihar;Tunisie
5020;Jammel - Cité El Khadhra;Tunisie
5028;Jammel - Cité El Khadhra;Tunisie
5020;Jammel - Cité El Manar 1;Tunisie
5020;Jammel - Cité El Manar 2;Tunisie
5020;Jammel - Cité El Wifak;Tunisie
5020;Jammel - Cité El Yasmine;Tunisie
5020;Jammel - Cité Ennasr;Tunisie
5020;Jammel - Cité Ennour;Tunisie
5020;Jammel - Cité Ennouzha;Tunisie
5020;Jammel - Cité Erriadh;Tunisie
5020;Jammel - Cité Essalem;Tunisie
5020;Jammel - Cité Ettaamir;Tunisie
5020;Jammel - Cité Ettadhamen;Tunisie
5028;Jammel - Cité Ettahrir;Tunisie
5020;Jammel - Cité Ezzahra;Tunisie
5020;Jammel - Cité Ezzouhour 1;Tunisie
5020;Jammel - Cité Ezzouhour 2;Tunisie
5020;Jammel - Cité Independance;Tunisie
5020;Jammel - Cité Jaouhara;Tunisie
5020;Jammel - Cité Jardins;Tunisie
5020;Jammel - Cité Operations du Sahel;Tunisie
5020;Jammel - Cité Sidi Messaoud;Tunisie
5017;Jammel - El Hedadra;Tunisie
5027;Jammel - Ettiayra;Tunisie
5020;Jammel - Jemmal;Tunisie
5030;Jammel - Jemmal Kheireddine;Tunisie
5013;Jammel - Menzel Kamel;Tunisie
5028;Jammel - Zaouiet Kontech;Tunisie
5070;Ksar Helal - Cité Bir Soukra;Tunisie
5070;Ksar Helal - Cité Bit Mekka;Tunisie
5070;Ksar Helal - Cité Chougar;Tunisie
5070;Ksar Helal - Cité Commerciale 1;Tunisie
5070;Ksar Helal - Cité Commerciale 2;Tunisie
5070;Ksar Helal - Cité Dar Bumbla;Tunisie
5070;Ksar Helal - Cité de la Municipalite;Tunisie
5070;Ksar Helal - Cité Ejjebsa;Tunisie
5070;Ksar Helal - Cité El Gariaa;Tunisie
5070;Ksar Helal - Cité El Maglouba;Tunisie
5070;Ksar Helal - Cité Erriadh 1;Tunisie
5070;Ksar Helal - Cité Erriadh 2;Tunisie
5070;Ksar Helal - Cité Erriadh 3;Tunisie
5070;Ksar Helal - Cité Industrielle;Tunisie
5070;Ksar Helal - Cité Moueheddine;Tunisie
5070;Ksar Helal - Cité Oued Kacem Et El Ourami;Tunisie
5070;Ksar Helal - Cité Sanit Zaag Et Charef;Tunisie
5070;Ksar Helal - Ksar Helal;Tunisie
5016;Ksar Helal - Ksar Helal Riadh;Tunisie
5063;Ksibet El Mediouni - Bou Dher;Tunisie
5031;Ksibet El Mediouni - Cité 18 Janvier;Tunisie
5025;Ksibet El Mediouni - Cité Air Nouvelle;Tunisie
5031;Ksibet El Mediouni - Cité Commerciale;Tunisie
5031;Ksibet El Mediouni - Cité de la Liberte;Tunisie
5025;Ksibet El Mediouni - Cité El Bassatine;Tunisie
5031;Ksibet El Mediouni - Cité El Bassatine;Tunisie
5025;Ksibet El Mediouni - Cité El Intilaka;Tunisie
5031;Ksibet El Mediouni - Cité Ennadhour 1;Tunisie
5031;Ksibet El Mediouni - Cité Ennadhour 2;Tunisie
5031;Ksibet El Mediouni - Cité Ennadhour 3;Tunisie
5031;Ksibet El Mediouni - Cité Essakia;Tunisie
5031;Ksibet El Mediouni - Cité Ezzayatine;Tunisie
5031;Ksibet El Mediouni - Cité Oued Sekkal;Tunisie
5031;Ksibet El Mediouni - Cité Populaire;Tunisie
5031;Ksibet El Mediouni - Cité Rabbah;Tunisie
5031;Ksibet El Mediouni - Cité Sidi El Mediouni;Tunisie
5031;Ksibet El Mediouni - Cité Snit;Tunisie
5031;Ksibet El Mediouni - Cité Tarek Ibn Zied;Tunisie
5031;Ksibet El Mediouni - Ksibet El Mediouni;Tunisie
5023;Ksibet El Mediouni - Touza;Tunisie
5071;Moknine - Amirat El Hojjej;Tunisie
5054;Moknine - Amirat Touazra;Tunisie
5034;Moknine - Cherahil;Tunisie
5050;Moknine - Cité 7 Novembre;Tunisie
5050;Moknine - Cité Chahed 1;Tunisie
5050;Moknine - Cité Chahed 2;Tunisie
5050;Moknine - Cité Chahed 3;Tunisie
5034;Moknine - Cité El Bassatine;Tunisie
5034;Moknine - Cité El Omrane;Tunisie
5034;Moknine - Cité Ennasr;Tunisie
5050;Moknine - Cité Erriadh;Tunisie
5034;Moknine - Cité Ezzayatine;Tunisie
5050;Moknine - Cité Gribaa;Tunisie
5050;Moknine - Cité Hmada Bacha;Tunisie
5050;Moknine - Cité Mesada;Tunisie
5034;Moknine - Cité Populaire;Tunisie
5050;Moknine - Cité Ras El Oued;Tunisie
5050;Moknine - Cité Souassi;Tunisie
5034;Moknine - Cité Trabelsia;Tunisie
5034;Moknine - Cité Zraraa;Tunisie
5024;Moknine - Menzel Fersi;Tunisie
5050;Moknine - Moknine;Tunisie
5051;Moknine - Moknine El Jadida;Tunisie
5044;Moknine - Sidi Bannour;Tunisie
5060;Monastir - Cité Cheraka;Tunisie
5060;Monastir - Cité Cnrps;Tunisie
5060;Monastir - Cité El Amel;Tunisie
5089;Monastir - Cité El Bassatine;Tunisie
5060;Monastir - Cité El Faouz;Tunisie
5060;Monastir - Cité El Farik;Tunisie
5060;Monastir - Cité El Mzali;Tunisie
5060;Monastir - Cité Erriadh;Tunisie
5060;Monastir - Cité Essaada;Tunisie
5060;Monastir - Cité Essalem;Tunisie
5060;Monastir - Cité Sidi Nasser;Tunisie
5060;Monastir - Cité Trabelsia;Tunisie
5011;Monastir - Khenis;Tunisie
5000;Monastir - Monastir;Tunisie
5065;Monastir - Monastir aéroport;Tunisie
5079;Monastir - Monastir Gare;Tunisie
5060;Monastir - Monastir Republique;Tunisie
5065;Monastir - Zone Hoteliere;Tunisie
5060;Monastir - Zone Skanes;Tunisie
5010;Ouardanine - Cité 22 Janvier;Tunisie
5010;Ouardanine - Cité 7 Novembre;Tunisie
5010;Ouardanine - Cité Abdelaziz Thaalbi;Tunisie
5010;Ouardanine - Cité Ennouhoudh;Tunisie
5010;Ouardanine - Cité Ennouzha;Tunisie
5010;Ouardanine - Cité Mohamed Ali;Tunisie
5041;Ouardanine - Menzel Khir;Tunisie
5010;Ouardanine - Ouerdanine;Tunisie
5061;Sahline - Cité Nouvelle;Tunisie
5042;Sahline - Mesjed Issa;Tunisie
5012;Sahline - Mootmar;Tunisie
5012;Sahline - Sahline;Tunisie
5061;Sahline - Sidi Ameur;Tunisie
5099;Sayada Lamta Bouhjar - Cité Bir El Ayeb;Tunisie
5015;Sayada Lamta Bouhjar - Cité Choobet Romman;Tunisie
5099;Sayada Lamta Bouhjar - Cité Ennadhour;Tunisie
5035;Sayada Lamta Bouhjar - Cité Gourraia;Tunisie
5015;Sayada Lamta Bouhjar - Cité Nouvelle;Tunisie
5035;Sayada Lamta Bouhjar - Cité Nouvelle;Tunisie
5035;Sayada Lamta Bouhjar - Cité Sidi Ammar;Tunisie
5099;Sayada Lamta Bouhjar - Lamta;Tunisie
5035;Sayada Lamta Bouhjar - Sayada;Tunisie
5035;Sayada Lamta Bouhjar - Sidi Abdessalem;Tunisie
5080;Teboulba - Cité El Fadhline;Tunisie
5066;Teboulba - Soukrine;Tunisie
5080;Teboulba - Teboulba;Tunisie
5040;Zeramdine - Cité El Manar;Tunisie
5033;Zeramdine - Menzel Hayet;Tunisie
5046;Zeramdine - Mlichette;Tunisie
5045;Zeramdine - Mzaougha;Tunisie
5040;Zeramdine - Zeramdine;Tunisie
8014;Beni Khalled - Bir Drassen;Tunisie
8021;Beni Khalled - Cité Achibet Amor;Tunisie
8021;Beni Khalled - Cité Air Nouvelle;Tunisie
8021;Beni Khalled - Cité Alaya Yakoubi;Tunisie
8021;Beni Khalled - Cité Ben Romdhane;Tunisie
8021;Beni Khalled - Cité Chelbia Oumaya;Tunisie
8021;Beni Khalled - Cité Daghrour;Tunisie
8021;Beni Khalled - Cité des Jeunes;Tunisie
8021;Beni Khalled - Cité du Printemps;Tunisie
8021;Beni Khalled - Cité El Gaied;Tunisie
8099;Beni Khalled - Cité El Houda;Tunisie
8099;Beni Khalled - Cité Erriadh 1;Tunisie
8099;Beni Khalled - Cité Erriadh 2;Tunisie
8021;Beni Khalled - Cité Essalem;Tunisie
8021;Beni Khalled - Cité Ettaamir;Tunisie
8021;Beni Khalled - Cité Ezzaouch;Tunisie
8021;Beni Khalled - Cité Ezzouhour;Tunisie
8099;Beni Khalled - Cité Jardins 1;Tunisie
8099;Beni Khalled - Cité Jardins 2;Tunisie
8021;Beni Khalled - Cité Latrech;Tunisie
8021;Beni Khalled - Cité Mekki;Tunisie
8021;Beni Khalled - Cité Mokhtar Rhouma;Tunisie
8099;Beni Khalled - Cité Sidi Bou Said;Tunisie
8021;Beni Khalled - Cité Sidi Bou Yahia;Tunisie
8021;Beni Khalled - Cité Souissi;Tunisie
8099;Beni Khalled - Zaouiet Jedidi;Tunisie
8023;Beni Khiar - Cité Bou Jaafar;Tunisie
8023;Beni Khiar - Cité Chafrada 1;Tunisie
8023;Beni Khiar - Cité Chafrada 2;Tunisie
8023;Beni Khiar - Cité de la Liberte;Tunisie
8023;Beni Khiar - Cité des Jeunes;Tunisie
8023;Beni Khiar - Cité du Jardin;Tunisie
8023;Beni Khiar - Cité El Manar;Tunisie
8060;Beni Khiar - Cité Erriadh;Tunisie
8023;Beni Khiar - Cité Ezzouhour;Tunisie
8023;Beni Khiar - Cité Mansour;Tunisie
8023;Beni Khiar - Cité Populaire 1;Tunisie
8060;Beni Khiar - Diar Ben Salem;Tunisie
8023;Beni Khiar - El Halfa;Tunisie
8013;Beni Khiar - El Maamoura;Tunisie
8066;Beni Khiar - Ghardaya;Tunisie
8023;Beni Khiar - Somaa;Tunisie
8061;Bou Argoub - Borj El Grais;Tunisie
8040;Bou Argoub - Borj Hafaiedh;Tunisie
8040;Bou Argoub - Bou Ali;Tunisie
8040;Bou Argoub - Bou Argoub;Tunisie
8040;Bou Argoub - Bou Rbii;Tunisie
8040;Bou Argoub - Bousehem;Tunisie
8040;Bou Argoub - Chagleb;Tunisie
8040;Bou Argoub - Cité Cnel;Tunisie
8040;Bou Argoub - Cité Commerciale;Tunisie
8040;Bou Argoub - Cité de la Carriere;Tunisie
8040;Bou Argoub - Cité El Henchir;Tunisie
8040;Bou Argoub - Cité El Houani;Tunisie
8040;Bou Argoub - Cité El Hourria;Tunisie
8040;Bou Argoub - Cité Ezzaouia;Tunisie
8040;Bou Argoub - Cité Jadida;Tunisie
8040;Bou Argoub - Cité Mongi Slim;Tunisie
8040;Bou Argoub - Cité Sprols;Tunisie
8040;Bou Argoub - Douali;Tunisie
8040;Bou Argoub - Doukhania;Tunisie
8040;Bou Argoub - El Grabcha;Tunisie
8040;Bou Argoub - El Kharrouba;Tunisie
8040;Bou Argoub - El Machrouha;Tunisie
8040;Bou Argoub - El Mhedhba;Tunisie
8040;Bou Argoub - Harithine;Tunisie
8040;Bou Argoub - Ouled Abdallah;Tunisie
8061;Bou Argoub - Sidi Dhaher;Tunisie
8040;Bou Argoub - Z.I.;Tunisie
8011;Dar Chaabane El Fehri - Cité Barnoussa;Tunisie
8011;Dar Chaabane El Fehri - Cité El Ferdaous;Tunisie
8011;Dar Chaabane El Fehri - Cité Ennouzha;Tunisie
8011;Dar Chaabane El Fehri - Cité Ettakaddoum;Tunisie
8011;Dar Chaabane El Fehri - Cité Oued El Ghoula;Tunisie
8011;Dar Chaabane El Fehri - Dar Chaabane Elfehri;Tunisie
8075;Dar Chaabane El Fehri - Dar Chaabane Plage;Tunisie
8011;Dar Chaabane El Fehri - El Frinine;Tunisie
8046;El Haouaria - Bir El Jedey;Tunisie
8074;El Haouaria - Bou Hbib;Tunisie
8036;El Haouaria - Bou Krim;Tunisie
8045;El Haouaria - Charaf;Tunisie
8045;El Haouaria - Cité des Jeunes;Tunisie
8045;El Haouaria - Cité des Rouines;Tunisie
8045;El Haouaria - Cité El Amel;Tunisie
8045;El Haouaria - Cité El Intilaka;Tunisie
8045;El Haouaria - Cité El Izdihar;Tunisie
8045;El Haouaria - Cité El Khadhra;Tunisie
8045;El Haouaria - Cité Ennour;Tunisie
8045;El Haouaria - Cité Essalama;Tunisie
8045;El Haouaria - Cité Ezzouhour;Tunisie
8045;El Haouaria - Cité Sprols;Tunisie
8045;El Haouaria - Cité Touristique;Tunisie
8026;El Haouaria - El Gorfa;Tunisie
8045;El Haouaria - El Haouaria;Tunisie
8045;El Haouaria - El Kedoua;Tunisie
8046;El Haouaria - El Kermania;Tunisie
8045;El Haouaria - Ferjoun;Tunisie
8045;El Haouaria - Menzel Salem;Tunisie
8026;El Haouaria - Saheb Jebel;Tunisie
8016;El Haouaria - Sidi Daoud;Tunisie
8045;El Haouaria - Sidi Hassoun;Tunisie
8074;El Haouaria - Tazougrane;Tunisie
8046;El Haouaria - Zaouiet El Mgaies;Tunisie
8074;El Haouaria - Zougag;Tunisie
8044;El Mida - Cité Dhahret Ezzaouia;Tunisie
8044;El Mida - Cité Essoualmia;Tunisie
8044;El Mida - El Khelaifa;Tunisie
8044;El Mida - El Maisra;Tunisie
8044;El Mida - El Mida;Tunisie
8044;El Mida - Erreghine;Tunisie
8044;El Mida - Errouiguette;Tunisie
8089;El Mida - Fartouna;Tunisie
8044;El Mida - Menzel Touhami;Tunisie
8044;El Mida - Oum Dhouil Village;Tunisie
8044;El Mida - Oum Dhouil Zaouia;Tunisie
8044;El Mida - Sidi Bou Ali;Tunisie
8071;El Mida - Tefeloun;Tunisie
8030;Grombalia - Batrou;Tunisie
8030;Grombalia - Belli Halte;Tunisie
8030;Grombalia - Beni Ayech;Tunisie
8030;Grombalia - Cité 7 Novembre;Tunisie
8030;Grombalia - Cité Afh;Tunisie
8030;Grombalia - Cité Antar;Tunisie
8030;Grombalia - Cité Ben Attaya;Tunisie
8030;Grombalia - Cité Ben Zaied;Tunisie
8030;Grombalia - Cité Cebala;Tunisie
8030;Grombalia - Cité de la Police;Tunisie
8030;Grombalia - Cité des Juges;Tunisie
8030;Grombalia - Cité Dhamene;Tunisie
8030;Grombalia - Cité Eddamous;Tunisie
8030;Grombalia - Cité El Mandra;Tunisie
8030;Grombalia - Cité El Ouerdia;Tunisie
8030;Grombalia - Cité Erriadh;Tunisie
8030;Grombalia - Cité Essomboula;Tunisie
8030;Grombalia - Cité Ezzouhour;Tunisie
8030;Grombalia - Cité Ibn Khaldoun;Tunisie
8030;Grombalia - Cité Jardins;Tunisie
8030;Grombalia - Cité Mohamed Ali;Tunisie
8030;Grombalia - Cité Mongi Slim;Tunisie
8030;Grombalia - Cité Snit;Tunisie
8030;Grombalia - Cité Taieb Mhiri;Tunisie
8030;Grombalia - Cité Tarek Ibn Zied;Tunisie
8030;Grombalia - Cité Valenza;Tunisie
8030;Grombalia - El Argoub Jedid;Tunisie
8030;Grombalia - El Karmia;Tunisie
8030;Grombalia - El Khouine;Tunisie
8030;Grombalia - El Kobba El Kebira;Tunisie
8030;Grombalia - El Mhedhba;Tunisie
8012;Grombalia - Fondouk Jedid;Tunisie
8030;Grombalia - Grombalia;Tunisie
8092;Grombalia - Grombalia Ezzouhour;Tunisie
8030;Grombalia - Henchir Ettouta;Tunisie
8093;Grombalia - Jebel Trif;Tunisie
8082;Grombalia - Khanguet El Hojjaj;Tunisie
8030;Grombalia - Khanguet Gare;Tunisie
8014;Grombalia - Khous;Tunisie
8052;Grombalia - Nianou;Tunisie
8030;Grombalia - Nouel;Tunisie
8030;Grombalia - Sammach;Tunisie
8012;Grombalia - Seltene;Tunisie
8084;Grombalia - Turki;Tunisie
8093;Grombalia - Zemnit;Tunisie
8096;Hammam El Guezaz - Ezzahra;Tunisie
8025;Hammam El Guezaz - Hammam El Ghezaz;Tunisie
8096;Hammam El Guezaz - Hammam Jebli;Tunisie
8096;Hammam El Guezaz - Tamazrat;Tunisie
8042;Hammamet - Bir Bouregba;Tunisie
8050;Hammamet - Chaabet El Mrezga;Tunisie
8050;Hammamet - Chatt El Khalij;Tunisie
8056;Hammamet - Cité Afh;Tunisie
8042;Hammamet - Cité Bir Chaaba;Tunisie
8042;Hammamet - Cité Bouslama;Tunisie
8056;Hammamet - Cité Chatteles;Tunisie
8042;Hammamet - Cité Chraf;Tunisie
8042;Hammamet - Cité Ecole;Tunisie
8042;Hammamet - Cité El Bekkey;Tunisie
8042;Hammamet - Cité El Fawara;Tunisie
8042;Hammamet - Cité El Intilaka;Tunisie
8056;Hammamet - Cité El Izdihar;Tunisie
8056;Hammamet - Cité El Kharroub;Tunisie
8056;Hammamet - Cité El Ksour;Tunisie
8042;Hammamet - Cité El Mellassine;Tunisie
8056;Hammamet - Cité El Yasmine;Tunisie
8050;Hammamet - Cité Ennadhour;Tunisie
8042;Hammamet - Cité Ennaim;Tunisie
8050;Hammamet - Cité Erriadh;Tunisie
8042;Hammamet - Cité Essafsaf;Tunisie
8056;Hammamet - Cité Estah;Tunisie
8042;Hammamet - Cité Garde Nationale;Tunisie
8042;Hammamet - Cité Harboun 1;Tunisie
8050;Hammamet - Cité Ibn Badis;Tunisie
8056;Hammamet - Cité Jawaher1;Tunisie
8056;Hammamet - Cité Jawaher2;Tunisie
8050;Hammamet - Cité Kheireddine Pacha;Tunisie
8056;Hammamet - Cité Merzgui;Tunisie
8050;Hammamet - Cité Militaire;Tunisie
8050;Hammamet - Cité Moussa Ibn Noussaier;Tunisie
8050;Hammamet - Cité Okba Ibn Naafa;Tunisie
8050;Hammamet - Cité Sanit Sheikh;Tunisie
8042;Hammamet - Cité Sidi Ali;Tunisie
8056;Hammamet - Cité Snit;Tunisie
8042;Hammamet - Cité Snit 1;Tunisie
8042;Hammamet - Cité Snit 2;Tunisie
8050;Hammamet - Echak;Tunisie
8050;Hammamet - Hammamet;Tunisie
8050;Hammamet - Résidence Ellissa;Tunisie
8050;Hammamet - Résidence Ennacim;Tunisie
8050;Hammamet - Sidi Hmed;Tunisie
8032;Hammamet - Sidi Jedidi;Tunisie
8050;Hammamet - Zone Hoteliere;Tunisie
8035;Kelibia - Azmour;Tunisie
8035;Kelibia - Beni Ayech;Tunisie
8090;Kelibia - Charaf;Tunisie
8090;Kelibia - Cité Afh;Tunisie
8090;Kelibia - Cité Assemmer;Tunisie
8090;Kelibia - Cité Ksiba;Tunisie
8090;Kelibia - Cité Riadh;Tunisie
8055;Kelibia - Dar Allouche;Tunisie
8090;Kelibia - Dar Chichou;Tunisie
8090;Kelibia - Dar Dabous;Tunisie
8090;Kelibia - Kelibia;Tunisie
8069;Kelibia - Kelibia Charguia;Tunisie
8090;Kelibia - Kerkouane;Tunisie
8094;Kelibia - Melloul;Tunisie
8065;Kelibia - Oued El Khatef;Tunisie
8090;Kelibia - Sidi Madhkour;Tunisie
8070;Korba - Beni Mechkel;Tunisie
8043;Korba - Bou Jerida;Tunisie
8070;Korba - Bou Lazhar;Tunisie
8070;Korba - Bou Lidine;Tunisie
8070;Korba - Cité Bir Ezzitoun;Tunisie
8070;Korba - Cité Commerciale;Tunisie
8070;Korba - Cité El Khiri;Tunisie
8070;Korba - Cité El Majredi;Tunisie
8070;Korba - Cité Ettaamir;Tunisie
8070;Korba - Cité Jamaa Errahma;Tunisie
8070;Korba - Cité Jerad;Tunisie
8070;Korba - Cité Jerbi;Tunisie
8070;Korba - Cité Sadok Jerbi;Tunisie
8024;Korba - Cité Sidi Amor;Tunisie
8070;Korba - Cité Sidi Salem;Tunisie
8033;Korba - Diar El Hojjej;Tunisie
8053;Korba - Garaat Sassi;Tunisie
8070;Korba - Jebel Haddad;Tunisie
8070;Korba - Korba;Tunisie
8076;Korba - Korba Hached;Tunisie
8070;Korba - Korchine;Tunisie
8070;Korba - Ksar Saad;Tunisie
8070;Korba - Lathleth;Tunisie
8024;Korba - Tazarka;Tunisie
8070;Korba - Tebak;Tunisie
8010;Menzel Bouzelfa - Beni Ghanem;Tunisie
8010;Menzel Bouzelfa - Beni Jannet;Tunisie
8010;Menzel Bouzelfa - Bouchrik;Tunisie
8010;Menzel Bouzelfa - Charfine;Tunisie
8010;Menzel Bouzelfa - Cité Ahmed Othman;Tunisie
8010;Menzel Bouzelfa - Cité Azaiez;Tunisie
8010;Menzel Bouzelfa - Cité Bahroun;Tunisie
8010;Menzel Bouzelfa - Cité Ben Hjel;Tunisie
8010;Menzel Bouzelfa - Cité Chaafouri;Tunisie
8010;Menzel Bouzelfa - Cité Cheikh;Tunisie
8010;Menzel Bouzelfa - Cité Cherif;Tunisie
8010;Menzel Bouzelfa - Cité Daghbagi;Tunisie
8010;Menzel Bouzelfa - Cité Ennouzha;Tunisie
8010;Menzel Bouzelfa - Cité Essahli;Tunisie
8010;Menzel Bouzelfa - Cité Ettahrir;Tunisie
8010;Menzel Bouzelfa - Cité Jemmali;Tunisie
8010;Menzel Bouzelfa - Cité Laroui;Tunisie
8010;Menzel Bouzelfa - Cité Municipale Barket;Tunisie
8010;Menzel Bouzelfa - Cité Neguira;Tunisie
8010;Menzel Bouzelfa - Cité Souihli;Tunisie
8010;Menzel Bouzelfa - Cité Souissi;Tunisie
8010;Menzel Bouzelfa - Damous El Hajja;Tunisie
8010;Menzel Bouzelfa - Dar Joundi;Tunisie
8010;Menzel Bouzelfa - Dar Nader;Tunisie
8010;Menzel Bouzelfa - Dar Takelsa;Tunisie
8010;Menzel Bouzelfa - El Arima;Tunisie
8091;Menzel Bouzelfa - Errahma;Tunisie
8010;Menzel Bouzelfa - Kalbousi;Tunisie
8010;Menzel Bouzelfa - Ksirat;Tunisie
8010;Menzel Bouzelfa - Menzel Bouzelfa;Tunisie
8010;Menzel Bouzelfa - Oued Sidi Said;Tunisie
8010;Menzel Bouzelfa - Zengou;Tunisie
8010;Menzel Bouzelfa - Zenich;Tunisie
8080;Menzel Temime - Chatt Ezzouhour;Tunisie
8080;Menzel Temime - Cité Ettaamir;Tunisie
8080;Menzel Temime - Cité Populaire;Tunisie
8080;Menzel Temime - Cité Sidi Salem;Tunisie
8080;Menzel Temime - Damous;Tunisie
8080;Menzel Temime - Echaibni;Tunisie
8080;Menzel Temime - El Gheris;Tunisie
8080;Menzel Temime - El Gobba;Tunisie
8054;Menzel Temime - El Ouediane;Tunisie
8080;Menzel Temime - Garsoline;Tunisie
8080;Menzel Temime - Kef Chami;Tunisie
8080;Menzel Temime - Lazidine;Tunisie
8034;Menzel Temime - Lebna;Tunisie
8015;Menzel Temime - Menzel Horr;Tunisie
8080;Menzel Temime - Menzel Issa;Tunisie
8080;Menzel Temime - Menzel Temime;Tunisie
8083;Menzel Temime - Rainine;Tunisie
8080;Menzel Temime - Sidi Abdelmonem;Tunisie
8080;Menzel Temime - Sidi Jameleddine;Tunisie
8064;Menzel Temime - Skalba;Tunisie
8000;Nabeul - Cité Abdessalem El Behi;Tunisie
8000;Nabeul - Cité Bahroun;Tunisie
8000;Nabeul - Cité Cnrps;Tunisie
8000;Nabeul - Cité Cote Or 1;Tunisie
8000;Nabeul - Cité Cote Or 2;Tunisie
8000;Nabeul - Cité des Oranges;Tunisie
8000;Nabeul - Cité El Bassatine;Tunisie
8000;Nabeul - Cité El Borj 1;Tunisie
8000;Nabeul - Cité El Borj 2;Tunisie
8062;Nabeul - Cité El Mahrsi 1;Tunisie
8062;Nabeul - Cité El Mahrsi 2;Tunisie
8062;Nabeul - Cité El Mahrsi 3;Tunisie
8000;Nabeul - Cité Ennacim;Tunisie
8000;Nabeul - Cité Ennajeh;Tunisie
8000;Nabeul - Cité Ettaamir;Tunisie
8000;Nabeul - Cité Hali;Tunisie
8000;Nabeul - Cité Industrielle;Tunisie
8000;Nabeul - Cité Jasmins Simpar;Tunisie
8000;Nabeul - Cité Mohsen Limam;Tunisie
8000;Nabeul - Cité Sidi Amor;Tunisie
8000;Nabeul - Cité Sidi Moussa;Tunisie
8000;Nabeul - Cité Universitaire;Tunisie
8062;Nabeul - Henchir El Haouaria;Tunisie
8000;Nabeul - Henchir Gort;Tunisie
8000;Nabeul - Mimosas Villas Et Bungalows;Tunisie
8000;Nabeul - Nabeul;Tunisie
8062;Nabeul - Nabeul Thameur;Tunisie
8062;Nabeul - Résidence Denene;Tunisie
8062;Nabeul - Résidence Oasis Bleu;Tunisie
8051;Soliman - Cherifate;Tunisie
8020;Soliman - Cité Gharnata;Tunisie
8020;Soliman - Cité Hotel des Andalous;Tunisie
8020;Soliman - Cité Nouvelle;Tunisie
8020;Soliman - Cité Sprols;Tunisie
8020;Soliman - Dhahri;Tunisie
8020;Soliman - El Abebsa;Tunisie
8020;Soliman - El Marja;Tunisie
8041;Soliman - Korbous;Tunisie
8073;Soliman - Meraissa;Tunisie
8020;Soliman - Soliman;Tunisie
8031;Takelsa - Cité Erriadh;Tunisie
8031;Takelsa - Cité Populaire;Tunisie
8031;Takelsa - Douala;Tunisie
8031;Takelsa - El Bekekcha;Tunisie
8031;Takelsa - El Brij;Tunisie
8031;Takelsa - El Maisra;Tunisie
8031;Takelsa - Ghars Mrad;Tunisie
8031;Takelsa - Henchir Chedli;Tunisie
8031;Takelsa - Oued El Abid;Tunisie
8031;Takelsa - Ramel;Tunisie
8031;Takelsa - Rtiba;Tunisie
8031;Takelsa - Sidi Issa;Tunisie
8031;Takelsa - Takelsa;Tunisie
3030;Agareb - Ben Sahloun;Tunisie
3030;Agareb - Cité 2 Mars;Tunisie
3030;Agareb - Cité 2 Mars 1;Tunisie
3030;Agareb - Cité 2 Mars 2;Tunisie
3030;Agareb - Cité Cnel;Tunisie
3030;Agareb - Cité El Izdihar;Tunisie
3030;Agareb - Cité El Menzah;Tunisie
3030;Agareb - Cité Ennour;Tunisie
3030;Agareb - Cité Snit;Tunisie
3030;Agareb - El Mahrouga;Tunisie
3030;Agareb - El Maraania;Tunisie
3030;Agareb - El Msadga;Tunisie
3037;Agareb - Gargour;Tunisie
3057;Agareb - Jeberna;Tunisie
3030;Agareb - Merkez Attia;Tunisie
3030;Agareb - Merkez Bou Ledhieb;Tunisie
3030;Agareb - Merkez Jouaouda;Tunisie
3075;Agareb - Merkez Sghar;Tunisie
3030;Agareb - Merkez Tijani;Tunisie
3030;Agareb - Traka;Tunisie
3030;Agareb - Zeliana;Tunisie
3040;Bir Ali Ben Kelifa - Bir Ouled Mahmoud;Tunisie
3040;Bir Ali Ben Kelifa - Cheraiet;Tunisie
3040;Bir Ali Ben Kelifa - Cité des Roses 1;Tunisie
3040;Bir Ali Ben Kelifa - Cité des Roses 2;Tunisie
3040;Bir Ali Ben Kelifa - Cité El Fateh;Tunisie
3040;Bir Ali Ben Kelifa - Cité El Menzel;Tunisie
3040;Bir Ali Ben Kelifa - El Aouyed;Tunisie
3082;Bir Ali Ben Kelifa - El Guendoul;Tunisie
3040;Bir Ali Ben Kelifa - El Oudrane;Tunisie
3040;Bir Ali Ben Kelifa - Letaifa;Tunisie
3040;Bir Ali Ben Kelifa - Merkez El Hamrouni;Tunisie
3040;Bir Ali Ben Kelifa - Oued Rekham;Tunisie
3085;Bir Ali Ben Kelifa - Oum Choucha;Tunisie
3040;Bir Ali Ben Kelifa - Ras Fartout;Tunisie
3040;Bir Ali Ben Kelifa - Ras Souinia;Tunisie
3040;Bir Ali Ben Kelifa - Rebaya;Tunisie
3097;Bir Ali Ben Kelifa - Rebaya Sidi Dhaher;Tunisie
3040;Bir Ali Ben Kelifa - Sidi Dhaher;Tunisie
3040;Bir Ali Ben Kelifa - Sidi Mansour;Tunisie
3040;Bir Ali Ben Kelifa - Souinia;Tunisie
3040;Bir Ali Ben Kelifa - Toulb;Tunisie
3080;Djebeniana - Ain El Ghezal;Tunisie
3086;Djebeniana - Ajenga;Tunisie
3080;Djebeniana - Blitech;Tunisie
3080;Djebeniana - Cité El Bassatine;Tunisie
3080;Djebeniana - Cité El Fateh;Tunisie
3080;Djebeniana - Cité Jardins;Tunisie
3077;Djebeniana - Douar Louata;Tunisie
3080;Djebeniana - El Botria;Tunisie
3080;Djebeniana - El Gherasa;Tunisie
3080;Djebeniana - El Guelalja;Tunisie
3016;Djebeniana - El Louza;Tunisie
3026;Djebeniana - Hazeg;Tunisie
3080;Djebeniana - Henchir El Euch;Tunisie
3080;Djebeniana - Jebeniana;Tunisie
3080;Djebeniana - Ouled Ahmed;Tunisie
3056;Djebeniana - Ouled Bousmir;Tunisie
3026;Djebeniana - Ouled Mnasser;Tunisie
3080;Djebeniana - Ouled Msallem Edkhal;Tunisie
3080;Djebeniana - Ouled Youssef;Tunisie
3080;Djebeniana - Sidi Msarra;Tunisie
3036;El Amra - Cité 7 Novembre;Tunisie
3036;El Amra - Cité El Hmerna;Tunisie
3036;El Amra - Cité Ezzayatine;Tunisie
3036;El Amra - Cité Houma Charguia;Tunisie
3036;El Amra - Cité Populaire 1;Tunisie
3036;El Amra - Cité Populaire 2;Tunisie
3036;El Amra - Cité Populaire 3;Tunisie
3095;El Amra - Dhraa Ben Ziad;Tunisie
3036;El Amra - El Amra;Tunisie
3036;El Amra - El Fidh;Tunisie
3095;El Amra - El Ketatna;Tunisie
3046;El Amra - El Mhara;Tunisie
3066;El Amra - Essaadi;Tunisie
3046;El Amra - Essalem;Tunisie
3036;El Amra - Iffi;Tunisie
3066;El Amra - Merkez El Khemiri;Tunisie
3066;El Amra - Oued Laachech;Tunisie
3043;El Hencha - Bir Lahmar;Tunisie
3033;El Hencha - Bir Salah;Tunisie
3010;El Hencha - Cité Algerie;Tunisie
3010;El Hencha - Cité Cherif;Tunisie
3010;El Hencha - Cité Commerciale 1;Tunisie
3010;El Hencha - Cité Commerciale 2;Tunisie
3010;El Hencha - Cité El Fateh;Tunisie
3010;El Hencha - Cité El Fheil;Tunisie
3010;El Hencha - Cité El Hancha Est;Tunisie
3010;El Hencha - Cité El Hancha Ouest;Tunisie
3010;El Hencha - Cité El Hancha Sud;Tunisie
3010;El Hencha - Cité El Ifa;Tunisie
3010;El Hencha - Cité El Kouifla;Tunisie
3010;El Hencha - Cité El Ojna;Tunisie
3010;El Hencha - Cité Environnement;Tunisie
3010;El Hencha - Cité Ouled Aicha;Tunisie
3010;El Hencha - Cité Oum Salah;Tunisie
3043;El Hencha - Cité Populaire;Tunisie
3043;El Hencha - Doukhane;Tunisie
3010;El Hencha - El Ghieb;Tunisie
3043;El Hencha - El Ghraba;Tunisie
3010;El Hencha - El Guetatsa;Tunisie
3010;El Hencha - El Hachana;Tunisie
3010;El Hencha - El Hajjara;Tunisie
3010;El Hencha - El Helalfa;Tunisie
3010;El Hencha - El Hencha;Tunisie
3043;El Hencha - El Khecherma;Tunisie
3043;El Hencha - Esseghara;Tunisie
3043;El Hencha - Henchir El Joub;Tunisie
3010;El Hencha - Henchir El Mosbah;Tunisie
3010;El Hencha - Jalaila;Tunisie
3043;El Hencha - Merkez Choucha;Tunisie
3010;El Hencha - Ouled Amor;Tunisie
3010;El Hencha - Ouled Tahar;Tunisie
3053;El Hencha - Sidi Hassen;Tunisie
3043;El Hencha - Sidi Mhamed Ben Amor;Tunisie
3043;El Hencha - Soualmia;Tunisie
3024;Ghraiba - Chaal;Tunisie
3034;Ghraiba - El Hammam;Tunisie
3034;Ghraiba - Essoudane;Tunisie
3024;Ghraiba - Ettakaddoum;Tunisie
3034;Ghraiba - Ghraiba;Tunisie
3024;Ghraiba - Rabta;Tunisie
3024;Ghraiba - Skaina;Tunisie
3024;Ghraiba - Smara;Tunisie
3024;Ghraiba - Tarfaoui;Tunisie
3070;Kerkennah - Cité Ancienne Kellaline;Tunisie
3070;Kerkennah - Cité Bouaid Kellaline;Tunisie
3070;Kerkennah - Cité Cnel;Tunisie
3070;Kerkennah - Cité Dar Oum Dlel;Tunisie
3070;Kerkennah - Cité Douirette;Tunisie
3070;Kerkennah - Cité El Azezba;Tunisie
3070;Kerkennah - Cité El Mahjar;Tunisie
3015;Kerkennah - Cité Groupe 1;Tunisie
3015;Kerkennah - Cité Groupe 2;Tunisie
3070;Kerkennah - Cité Houmet Glace;Tunisie
3070;Kerkennah - Cité Nouvelle Kellaline;Tunisie
3070;Kerkennah - Cité Ourand;Tunisie
3070;Kerkennah - Cité Populaire;Tunisie
3070;Kerkennah - Cité Rakhani;Tunisie
3070;Kerkennah - El Abbassia;Tunisie
3035;Kerkennah - El Attaya;Tunisie
3055;Kerkennah - El Kraten;Tunisie
3045;Kerkennah - Ennajet;Tunisie
3070;Kerkennah - Jouaber;Tunisie
3070;Kerkennah - Kellabine;Tunisie
3070;Kerkennah - Kerkenah;Tunisie
3015;Kerkennah - Mellita;Tunisie
3070;Kerkennah - Mellita Ouled Bou Ali;Tunisie
3070;Kerkennah - Ouled Bou Ali;Tunisie
3025;Kerkennah - Ouled Kacem;Tunisie
3070;Kerkennah - Ouled Yaneg;Tunisie
3060;Mahres - Chaal Gare;Tunisie
3060;Mahres - Chaffar;Tunisie
3060;Mahres - Cité Bourguiba;Tunisie
3060;Mahres - Cité El Bouhali;Tunisie
3060;Mahres - Cité El Guidira;Tunisie
3060;Mahres - Cité Ennajah;Tunisie
3060;Mahres - Cité Ennasr;Tunisie
3060;Mahres - Cité Ennour;Tunisie
3060;Mahres - Cité Flemech;Tunisie
3060;Mahres - Cité Huillerie;Tunisie
3060;Mahres - El Hachichinia;Tunisie
3060;Mahres - El Mouessette;Tunisie
3044;Mahres - El Mourouj;Tunisie
3060;Mahres - Mahras;Tunisie
3044;Mahres - Nekta;Tunisie
3060;Mahres - Smara;Tunisie
3092;Menzel Chaker - Bou Jarbou;Tunisie
3014;Menzel Chaker - Bou Thadi;Tunisie
3020;Menzel Chaker - Chaaleb;Tunisie
3020;Menzel Chaker - Cité 7 Novembre;Tunisie
3020;Menzel Chaker - Cité de la Gare;Tunisie
3020;Menzel Chaker - Cité El Habib;Tunisie
3020;Menzel Chaker - Cité Erraoudha;Tunisie
3020;Menzel Chaker - Cité Ettahrir;Tunisie
3020;Menzel Chaker - Cité Habib Bourguiba;Tunisie
3020;Menzel Chaker - Cité Habib Thameur;Tunisie
3020;Menzel Chaker - Cité Merkez Sellami;Tunisie
3020;Menzel Chaker - Cité Taieb Mhiri;Tunisie
3020;Menzel Chaker - El Aitha;Tunisie
3020;Menzel Chaker - Hai Kacem;Tunisie
3020;Menzel Chaker - Haj Kacem 1;Tunisie
3020;Menzel Chaker - Haj Kacem 2;Tunisie
3020;Menzel Chaker - Ksar Errih;Tunisie
3020;Menzel Chaker - Limaya;Tunisie
3020;Menzel Chaker - Menzel Hedi Chaker;Tunisie
3020;Menzel Chaker - Oued Lazrag;Tunisie
3020;Menzel Chaker - Tlil El Ajla;Tunisie
3020;Menzel Chaker - Zaibet;Tunisie
3011;Sakiet Eddaier - Cité de le Liberte;Tunisie
3054;Sakiet Eddaier - Cité El Afrane;Tunisie
3011;Sakiet Eddaier - Cité El Amel;Tunisie
3011;Sakiet Eddaier - Cité El Haffara;Tunisie
3081;Sakiet Eddaier - Cité El Mallek;Tunisie
3061;Sakiet Eddaier - Cité Ennadhour;Tunisie
3061;Sakiet Eddaier - Cité Erriadh;Tunisie
3061;Sakiet Eddaier - Cité Nouvelle;Tunisie
3063;Sakiet Eddaier - El Khalij;Tunisie
3081;Sakiet Eddaier - Essaadi;Tunisie
3081;Sakiet Eddaier - Essaltania;Tunisie
3011;Sakiet Eddaier - Merkez Kaaniche;Tunisie
3067;Sakiet Eddaier - Merkez Lajmi;Tunisie
3054;Sakiet Eddaier - Merkez Sebai;Tunisie
3011;Sakiet Eddaier - Sakiet Eddaier;Tunisie
3061;Sakiet Eddaier - Sidi Mansour;Tunisie
3041;Sakiet Ezzit - Cité Ennasr;Tunisie
3041;Sakiet Ezzit - Cité Ennouzha;Tunisie
3041;Sakiet Ezzit - El Mnasria;Tunisie
3031;Sakiet Ezzit - Merkez Bouacida;Tunisie
3041;Sakiet Ezzit - Merkez Chihya;Tunisie
3021;Sakiet Ezzit - Sakiet Ezzit;Tunisie
3091;Sakiet Ezzit - Sidi Salah;Tunisie
3000;Sfax Ville - Ain El Fellat;Tunisie
3000;Sfax Ville - Ain El Mayel;Tunisie
3000;Sfax Ville - Ain Tourkia;Tunisie
3000;Sfax Ville - Ain Turki;Tunisie
3047;Sfax Ville - Bab El Jebli;Tunisie
3000;Sfax Ville - Bir Ben Ayed;Tunisie
3000;Sfax Ville - Bir El Mellouli;Tunisie
3000;Sfax Ville - Bir Tebak;Tunisie
3039;Sfax Ville - Caid Mhamed;Tunisie
3000;Sfax Ville - Cité Bourguiba 2;Tunisie
3000;Sfax Ville - Cité Bouzid;Tunisie
3000;Sfax Ville - Cité Cnrps;Tunisie
3000;Sfax Ville - Cité Commerciale;Tunisie
3000;Sfax Ville - Cité Compensation;Tunisie
3000;Sfax Ville - Cité de le Liberte;Tunisie
3000;Sfax Ville - Cité du Jardin 1;Tunisie
3000;Sfax Ville - Cité El Amel;Tunisie
3000;Sfax Ville - Cité El Maaref;Tunisie
3000;Sfax Ville - Cité El Mourouj;Tunisie
3000;Sfax Ville - Cité Essourour;Tunisie
3000;Sfax Ville - Cité Ezzitouna;Tunisie
3000;Sfax Ville - Cité Joua;Tunisie
3000;Sfax Ville - Cité Nouvelle Kerkouan;Tunisie
3000;Sfax Ville - Cité Siape;Tunisie
3000;Sfax Ville - El Achach;Tunisie
3099;Sfax Ville - El Bousten;Tunisie
3089;Sfax Ville - Ennigrou;Tunisie
3000;Sfax Ville - Habbana 2;Tunisie
3079;Sfax Ville - Hai El Khiri;Tunisie
3000;Sfax Ville - Majen Eddroj;Tunisie
3000;Sfax Ville - Merkez Ben Ameur;Tunisie
3000;Sfax Ville - Merkez Bermaki;Tunisie
3000;Sfax Ville - Merkez Bou Khedir;Tunisie
3032;Sfax Ville - Merkez Derouiche;Tunisie
3051;Sfax Ville - Merkez El Alia;Tunisie
3000;Sfax Ville - Merkez Guirat;Tunisie
3000;Sfax Ville - Merkez Jellouli;Tunisie
3000;Sfax Ville - Merkez Zouayed;Tunisie
3000;Sfax Ville - Oued Laachech;Tunisie
3000;Sfax Ville - Rouadhi;Tunisie
3000;Sfax Ville - Sfax;Tunisie
3027;Sfax Ville - Sfax El Jadida;Tunisie
3069;Sfax Ville - Sfax Hached;Tunisie
3049;Sfax Ville - Sfax Magreb Arabe;Tunisie
3065;Sfax Ville - Sfax Port;Tunisie
3000;Sfax Ville - Sidi Abdelkefi;Tunisie
3000;Sfax Ville - Sidi Jilani;Tunisie
3000;Sfax Ville - Sidi Liteyem;Tunisie
3000;Sfax Ville - Soualmia;Tunisie
3048;Sfax Ville - Souk El Feriani;Tunisie
3052;Sfax Ouest - Cité Dounia;Tunisie
3064;Sfax Ouest - Cité El Bahri;Tunisie
3064;Sfax Ouest - Cité El Foll;Tunisie
3052;Sfax Ouest - Cité El Habib;Tunisie
3052;Sfax Ouest - Cité El Menzah;Tunisie
3052;Sfax Ouest - Cité El Messaadine;Tunisie
3064;Sfax Ouest - Cité El Wafa;Tunisie
3052;Sfax Ouest - Cité El Yasmine;Tunisie
3052;Sfax Ouest - Cité Essaada;Tunisie
3064;Sfax Ouest - Cité Essalem;Tunisie
3064;Sfax Ouest - Cité Jaouhara;Tunisie
3072;Sfax Ouest - Merkez Chaker;Tunisie
3071;Sfax Ouest - Oued Chaabouni;Tunisie
3023;Sfax Ouest - Oued Rmal;Tunisie
3083;Sfax Sud - Cité Badrani;Tunisie
3083;Sfax Sud - Cité El Mghaier;Tunisie
3083;Sfax Sud - Cité Ennasr;Tunisie
3083;Sfax Sud - Cité Moez 1;Tunisie
3083;Sfax Sud - Cité Moez 2;Tunisie
3083;Sfax Sud - Cité Moez 4;Tunisie
3083;Sfax Sud - Cité Sidi Abid;Tunisie
3084;Sfax Sud - Cité Tyna 1;Tunisie
3084;Sfax Sud - Cité Tyna 2;Tunisie
3042;Sfax Sud - El Ain;Tunisie
3074;Sfax Sud - El Aouabed;Tunisie
3076;Sfax Sud - El Aouyet;Tunisie
3078;Sfax Sud - El Hajeb;Tunisie
3059;Sfax Sud - El Khazzanette;Tunisie
3076;Sfax Sud - Merkez Aloui;Tunisie
3042;Sfax Sud - Merkez Aloulou;Tunisie
3013;Sfax Sud - Merkez Chaabouni;Tunisie
3013;Sfax Sud - Merkez Dammak;Tunisie
3042;Sfax Sud - Merkez Jilani;Tunisie
3022;Sfax Sud - Merkez Kamoun;Tunisie
3013;Sfax Sud - Merkez Kassas;Tunisie
3093;Sfax Sud - Merkez Ouali;Tunisie
3012;Sfax Sud - Merkez Sahnoun;Tunisie
3062;Sfax Sud - Sidi Abbes;Tunisie
3083;Sfax Sud - Tyna;Tunisie
3084;Sfax Sud - Tyna El Jadida;Tunisie
3050;Skhira - Cherafra;Tunisie
3050;Skhira - El Gherairia;Tunisie
3050;Skhira - El Hicha;Tunisie
3050;Skhira - El Maghdhia;Tunisie
3050;Skhira - El Melha;Tunisie
3050;Skhira - Esskhira;Tunisie
3050;Skhira - Fondouk Chibani;Tunisie
3050;Skhira - Frichette;Tunisie
3050;Skhira - Jerouala;Tunisie
3050;Skhira - Kenitra;Tunisie
3050;Skhira - Naoual;Tunisie
3050;Skhira - Ouled Haj Moussa;Tunisie
3073;Skhira - Sbih;Tunisie
3050;Skhira - Sidi Mhamed Nouiguez;Tunisie
3050;Skhira - Souani;Tunisie
9113;Bir El Hafey - Bir Bousbi;Tunisie
9113;Bir El Hafey - Bir El Haffey;Tunisie
9113;Bir El Hafey - Chakhar;Tunisie
9113;Bir El Hafey - Eddachra;Tunisie
9126;Bir El Hafey - El Adhla;Tunisie
9113;Bir El Hafey - El Hanancha;Tunisie
9113;Bir El Hafey - El Mhamdia;Tunisie
9126;Bir El Hafey - Ennouaiel;Tunisie
9159;Bir El Hafey - Essalama;Tunisie
9123;Bir El Hafey - Henchir Haffouz;Tunisie
9123;Bir El Hafey - Houch Ben Necib;Tunisie
9123;Bir El Hafey - Ksar El Mzara;Tunisie
9123;Bir El Hafey - Ouled Bouaziz;Tunisie
9113;Bir El Hafey - Ouled Khelifa;Tunisie
9113;Bir El Hafey - Ourgha;Tunisie
9123;Bir El Hafey - Rahal;Tunisie
9122;Cebalet Ouled Asker - Charaa;Tunisie
9122;Cebalet Ouled Asker - Cité El Fateh 1;Tunisie
9122;Cebalet Ouled Asker - Cité El Fateh 2;Tunisie
9122;Cebalet Ouled Asker - Cité Ennajah;Tunisie
9122;Cebalet Ouled Asker - Cité Ennouzha;Tunisie
9122;Cebalet Ouled Asker - El Ghemamria;Tunisie
9110;Jilma - Cité Chargui;Tunisie
9110;Jilma - Cité Ennasr;Tunisie
9110;Jilma - Cité Ouled Zaied;Tunisie
9110;Jilma - Cité Populaire;Tunisie
9110;Jilma - El Fenideg;Tunisie
9110;Jilma - El Haouia;Tunisie
9110;Jilma - Guellel;Tunisie
9110;Jilma - Jilma;Tunisie
9110;Jilma - Labayedh;Tunisie
9110;Jilma - Sed El Yahoudi;Tunisie
9110;Jilma - Selta;Tunisie
9110;Jilma - Sidi Ali Ebn Jaballah;Tunisie
9110;Jilma - Zoghmar;Tunisie
9140;Meknassy - Cité des Abricots;Tunisie
9140;Meknassy - Cité des Martyrs;Tunisie
9140;Meknassy - Cité El Fateh 1;Tunisie
9140;Meknassy - Cité El Fateh 2;Tunisie
9140;Meknassy - Cité El Fateh 3;Tunisie
9140;Meknassy - Cité El Intilaka;Tunisie
9140;Meknassy - Cité Ennajah 1;Tunisie
9140;Meknassy - Cité Ennajah 2;Tunisie
9140;Meknassy - Cité Ezzayatine;Tunisie
9140;Meknassy - Cité Militaire;Tunisie
9140;Meknassy - Cité Mohamed Ali;Tunisie
9140;Meknassy - Cité Taieb Mhiri;Tunisie
9140;Meknassy - Cité Unite Ennajah;Tunisie
9140;Meknassy - Dakhlet El Alenda;Tunisie
9140;Meknassy - El Ayoun;Tunisie
9140;Meknassy - El Houayez;Tunisie
9158;Meknassy - El Meche;Tunisie
9149;Meknassy - Ennasr;Tunisie
9140;Meknassy - Ezzouaraa;Tunisie
9140;Meknassy - Jabbes;Tunisie
9140;Meknassy - Ksar Khelifa Zenati;Tunisie
9144;Meknassy - Mabrouka;Tunisie
9140;Meknassy - Maknassy;Tunisie
9140;Meknassy - Marche Municipal;Tunisie
9140;Meknassy - Touahria 2;Tunisie
9114;Menzel Bouzaienne - Dakhlet Haddej;Tunisie
9114;Menzel Bouzaienne - El Aatizez;Tunisie
9114;Menzel Bouzaienne - El Garaa;Tunisie
9139;Menzel Bouzaienne - El Guellel;Tunisie
9114;Menzel Bouzaienne - El Maadher;Tunisie
9114;Menzel Bouzaienne - El Maloussi;Tunisie
9114;Menzel Bouzaienne - El Mhamdia;Tunisie
9114;Menzel Bouzaienne - El Omrane;Tunisie
9114;Menzel Bouzaienne - Essaada;Tunisie
9124;Menzel Bouzaienne - Khorchef;Tunisie
9114;Menzel Bouzaienne - Menzel Bouzaiene;Tunisie
9114;Menzel Bouzaienne - Menzel Saada;Tunisie
9114;Menzel Bouzaienne - Ouled Zouid;Tunisie
9114;Menzel Bouzaienne - Rbeayia;Tunisie
9150;Mezzouna - Cité des Martyrs;Tunisie
9150;Mezzouna - Cité El Amel;Tunisie
9150;Mezzouna - Cité Independance;Tunisie
9154;Mezzouna - El Bouaa;Tunisie
9151;Mezzouna - El Founi;Tunisie
9150;Mezzouna - El Gheris;Tunisie
9150;Mezzouna - El Guezgazia;Tunisie
9150;Mezzouna - El Khima;Tunisie
9150;Mezzouna - El Khobna;Tunisie
9150;Mezzouna - El Khoui;Tunisie
9150;Mezzouna - Ferjen;Tunisie
9150;Mezzouna - Ghedir Rebaia;Tunisie
9150;Mezzouna - Haddej;Tunisie
9150;Mezzouna - Mezzouna;Tunisie
9150;Mezzouna - Oued Eddam;Tunisie
9150;Mezzouna - Ouled Dlala;Tunisie
9180;Ouled Haffouz - Chouachnia;Tunisie
9180;Ouled Haffouz - Cité Ali Ben Hamid;Tunisie
9180;Ouled Haffouz - Cité Commerciale;Tunisie
9180;Ouled Haffouz - Cité El Maarifa;Tunisie
9180;Ouled Haffouz - Cité El Omrane;Tunisie
9180;Ouled Haffouz - Cité Erriadh;Tunisie
9180;Ouled Haffouz - Cité Ezzayatine;Tunisie
9116;Ouled Haffouz - Dhouibette;Tunisie
9180;Ouled Haffouz - Dhouibette 2;Tunisie
9183;Ouled Haffouz - El Abbadette;Tunisie
9180;Ouled Haffouz - El Araoua;Tunisie
9180;Ouled Haffouz - El Gouaibia;Tunisie
9180;Ouled Haffouz - El Kharwaa;Tunisie
9180;Ouled Haffouz - El Mbarkia;Tunisie
9180;Ouled Haffouz - Ennajah;Tunisie
9180;Ouled Haffouz - Erranzez;Tunisie
9180;Ouled Haffouz - Hania 102;Tunisie
9180;Ouled Haffouz - Horbit;Tunisie
9180;Ouled Haffouz - Khebina;Tunisie
9180;Ouled Haffouz - Ouled Haffouz;Tunisie
9180;Ouled Haffouz - Sidi Ellafi 1;Tunisie
9180;Ouled Haffouz - Sidi Ellafi 2;Tunisie
9180;Ouled Haffouz - Sidi Khlif;Tunisie
9115;Regueb - Bir El Akerma;Tunisie
9170;Regueb - Bir Gzaiel;Tunisie
9170;Regueb - Bir Khelifa;Tunisie
9170;Regueb - Bir Nsib;Tunisie
9170;Regueb - Bou Allegue;Tunisie
9115;Regueb - Bou Chiha;Tunisie
9170;Regueb - Bou Dinar;Tunisie
9170;Regueb - Cité de la Republique;Tunisie
9170;Regueb - Cité El Bassatine;Tunisie
9170;Regueb - Cité El Intilaka;Tunisie
9170;Regueb - Cité El Khadhra;Tunisie
9170;Regueb - Cité El Manar;Tunisie
9170;Regueb - Cité Ennasr;Tunisie
9170;Regueb - Cité Ennouzha;Tunisie
9170;Regueb - Cité Erriadh;Tunisie
9170;Regueb - Cité Ezzouhour;Tunisie
9170;Regueb - Cité Ibn Khaldoun;Tunisie
9115;Regueb - El Ghaba Essouda;Tunisie
9170;Regueb - El Gouadria;Tunisie
9170;Regueb - El Houda;Tunisie
9173;Regueb - El Khechem;Tunisie
9170;Regueb - El Mhafdhia;Tunisie
9174;Regueb - Erradhaa;Tunisie
9170;Regueb - Essakba;Tunisie
9115;Regueb - Essfaya;Tunisie
9170;Regueb - Ezzadam;Tunisie
9170;Regueb - Ezzitouna;Tunisie
9170;Regueb - Farch Guerib;Tunisie
9173;Regueb - Fatnassa;Tunisie
9172;Regueb - Goubrar;Tunisie
9170;Regueb - Guenifida;Tunisie
9170;Regueb - Henchir Khdam;Tunisie
9170;Regueb - Ksar El Hammam;Tunisie
9170;Regueb - Ksar Sai;Tunisie
9170;Regueb - Matlag;Tunisie
9170;Regueb - Ouled Abdallah;Tunisie
9170;Regueb - Ouled Ayouni;Tunisie
9170;Regueb - Ouled Chabou;Tunisie
9115;Regueb - Ouled El Hani;Tunisie
9170;Regueb - Regueb;Tunisie
9170;Regueb - Rihana Nord;Tunisie
9170;Regueb - Rihana Sud;Tunisie
9170;Regueb - Sabra;Tunisie
9115;Regueb - Saida;Tunisie
9170;Regueb - Sarayria;Tunisie
9170;Regueb - Sidi Ameur;Tunisie
9120;Sidi Ali Ben Aoun - Ben Bechir;Tunisie
9120;Sidi Ali Ben Aoun - Ben Oun;Tunisie
9120;Sidi Ali Ben Aoun - Ben Oun Nord;Tunisie
9120;Sidi Ali Ben Aoun - Bir Idriss;Tunisie
9120;Sidi Ali Ben Aoun - Cité El Ilm;Tunisie
9120;Sidi Ali Ben Aoun - Cité Ennasr;Tunisie
9120;Sidi Ali Ben Aoun - Cité Ennour;Tunisie
9120;Sidi Ali Ben Aoun - Cité Erriadh;Tunisie
9120;Sidi Ali Ben Aoun - Cité Ettahrir;Tunisie
9120;Sidi Ali Ben Aoun - Cité Ezzouhour;Tunisie
9120;Sidi Ali Ben Aoun - Damdoum;Tunisie
9169;Sidi Ali Ben Aoun - El Fej;Tunisie
9169;Sidi Ali Ben Aoun - El Gouedria;Tunisie
9120;Sidi Ali Ben Aoun - El Graoua;Tunisie
9120;Sidi Ali Ben Aoun - El Khalij;Tunisie
9120;Sidi Ali Ben Aoun - El Ouaara;Tunisie
9120;Sidi Ali Ben Aoun - El Ouneysia;Tunisie
9169;Sidi Ali Ben Aoun - Erragba;Tunisie
9120;Sidi Ali Ben Aoun - Markez Ben Bechir;Tunisie
9120;Sidi Ali Ben Aoun - Ouled Brahim;Tunisie
9169;Sidi Ali Ben Aoun - Ouled El Achi;Tunisie
9169;Sidi Ali Ben Aoun - Ouled Mnasser;Tunisie
9120;Sidi Ali Ben Aoun - Ouled Neji;Tunisie
9112;Sidi Bouzid Est - Ain Rabbaou;Tunisie
9112;Sidi Bouzid Est - Bazid;Tunisie
9100;Sidi Bouzid Est - Cité Agricole;Tunisie
9100;Sidi Bouzid Est - Dhayaa;Tunisie
9100;Sidi Bouzid Est - Dhraa;Tunisie
9133;Sidi Bouzid Est - El Haouamed;Tunisie
9171;Sidi Bouzid Est - El Hmaima;Tunisie
9141;Sidi Bouzid Est - El Makarem;Tunisie
9112;Sidi Bouzid Est - El Ogla;Tunisie
9100;Sidi Bouzid Est - Ezzitoune;Tunisie
9112;Sidi Bouzid Est - Fayedh;Tunisie
9100;Sidi Bouzid Est - Garet Hadid;Tunisie
9112;Sidi Bouzid Est - Gatrana;Tunisie
9171;Sidi Bouzid Est - Graa Bennour;Tunisie
9112;Sidi Bouzid Est - Hania Bazid;Tunisie
9112;Sidi Bouzid Est - Jemel;Tunisie
9171;Sidi Bouzid Est - Lessouda;Tunisie
9112;Sidi Bouzid Est - Ouled Boudhiaf;Tunisie
9141;Sidi Bouzid Est - Ouled Farhan;Tunisie
9112;Sidi Bouzid Est - Ouled Youssef;Tunisie
9133;Sidi Bouzid Est - Remaidia;Tunisie
9100;Sidi Bouzid Ouest - Bir Bouzid;Tunisie
9111;Sidi Bouzid Ouest - Bir El Bey;Tunisie
9100;Sidi Bouzid Ouest - Cité El Brahmia;Tunisie
9100;Sidi Bouzid Ouest - Cité El Fraijia;Tunisie
9132;Sidi Bouzid Ouest - Cité El Kaouafel;Tunisie
9125;Sidi Bouzid Ouest - Cité Ouled Bel Hedi;Tunisie
9131;Sidi Bouzid Ouest - Eddagher;Tunisie
9111;Sidi Bouzid Ouest - El Adhla;Tunisie
9131;Sidi Bouzid Ouest - El Fateh;Tunisie
9111;Sidi Bouzid Ouest - El Ghemamria;Tunisie
9111;Sidi Bouzid Ouest - El Guetayfia;Tunisie
9100;Sidi Bouzid Ouest - El Hawajbia;Tunisie
9131;Sidi Bouzid Ouest - El Hichria;Tunisie
9111;Sidi Bouzid Ouest - El Mlikette;Tunisie
9100;Sidi Bouzid Ouest - Essadaguia;Tunisie
9100;Sidi Bouzid Ouest - Essandoug;Tunisie
9127;Sidi Bouzid Ouest - Ettouansia;Tunisie
9131;Sidi Bouzid Ouest - Henchir Esnab;Tunisie
9127;Sidi Bouzid Ouest - Mefreg El Frayou;Tunisie
9100;Sidi Bouzid Ouest - Melikette;Tunisie
9111;Sidi Bouzid Ouest - Oued El Brij;Tunisie
9100;Sidi Bouzid Ouest - Ouithet Gazal;Tunisie
9131;Sidi Bouzid Ouest - Ouled Jalal;Tunisie
9111;Sidi Bouzid Ouest - Oum El Adham;Tunisie
9131;Sidi Bouzid Ouest - Oum Ettouboul;Tunisie
9100;Sidi Bouzid Ouest - Sidi Bouzid;Tunisie
9100;Sidi Bouzid Ouest - Sidi Salem;Tunisie
9100;Sidi Bouzid Ouest - Touila;Tunisie
9100;Sidi Bouzid Ouest - Zaafria;Tunisie
9142;Souk Jedid - Bou Chmel;Tunisie
9121;Souk Jedid - Cegdel;Tunisie
9121;Souk Jedid - Douadnia;Tunisie
9121;Souk Jedid - El Azara;Tunisie
9142;Souk Jedid - El Bekakria;Tunisie
9142;Souk Jedid - El Hachana;Tunisie
9121;Souk Jedid - El Hessinette;Tunisie
9121;Souk Jedid - El Kessayra;Tunisie
9121;Souk Jedid - El Mesatria;Tunisie
9121;Souk Jedid - El Msabhia;Tunisie
9121;Souk Jedid - Ennouhoudh;Tunisie
9121;Souk Jedid - Essadlia;Tunisie
9142;Souk Jedid - Gouleb;Tunisie
9121;Souk Jedid - Ouled Alaya;Tunisie
9121;Souk Jedid - Ouled Ammar;Tunisie
9121;Souk Jedid - Ouled Amor;Tunisie
9142;Souk Jedid - Ouled Dhaher;Tunisie
9121;Souk Jedid - Ouled Khedher;Tunisie
9121;Souk Jedid - Ouled Mhamed;Tunisie
9142;Souk Jedid - Remila;Tunisie
9121;Souk Jedid - Souk Jedid;Tunisie
9142;Souk Jedid - Zefzef;Tunisie
6170;Bargou - Ain El Fourna;Tunisie
6170;Bargou - Ain Zakkar;Tunisie
6170;Bargou - Bargou;Tunisie
6115;Bargou - Bou Saadia;Tunisie
6170;Bargou - Cité Aboul Kacem Chebbi;Tunisie
6170;Bargou - Cité Air Nouvelle;Tunisie
6170;Bargou - Cité El Kadim;Tunisie
6170;Bargou - Cité Essaada;Tunisie
6170;Bargou - Cité Ezzouhour;Tunisie
6170;Bargou - Cité Ibn Khaldoun;Tunisie
6170;Bargou - Drija;Tunisie
6173;Bargou - El Bhirine;Tunisie
6170;Bargou - Marj Aouam;Tunisie
6170;Bargou - Sidi Amara;Tunisie
6170;Bargou - Sidi Said;Tunisie
6170;Bargou - Sidi Zid;Tunisie
6173;Bargou - Sodga;Tunisie
6180;Bou Arada - Ain El Ghessil;Tunisie
6180;Bou Arada - Baten Zraieb;Tunisie
6180;Bou Arada - Bou Arada;Tunisie
6180;Bou Arada - Cité Ali Ben Mbarek 1;Tunisie
6180;Bou Arada - Cité Ali Ben Mbarek 2;Tunisie
6180;Bou Arada - Cité Ali Ben Mbarek 3;Tunisie
6180;Bou Arada - Cité El Bassatine;Tunisie
6180;Bou Arada - Cité El Mellassine;Tunisie
6180;Bou Arada - Cité Ennakhil;Tunisie
6180;Bou Arada - Cité Ennour 1;Tunisie
6180;Bou Arada - Cité Ennour 2;Tunisie
6180;Bou Arada - Cité Erriadh 1;Tunisie
6180;Bou Arada - Cité Erriadh 2;Tunisie
6180;Bou Arada - Cité Erriadh 3;Tunisie
6180;Bou Arada - Cité Essaada;Tunisie
6180;Bou Arada - Cité Essafa;Tunisie
6180;Bou Arada - Cité Essalem;Tunisie
6180;Bou Arada - Cité Ezzayatine Est;Tunisie
6180;Bou Arada - Cité Ezzayatine Ouest;Tunisie
6180;Bou Arada - El Fetisse;Tunisie
6180;Bou Arada - El Mejenine;Tunisie
6180;Bou Arada - Henchir Roumene;Tunisie
6180;Bou Arada - Jelidi Gare;Tunisie
6180;Bou Arada - Khamsa Thenaya;Tunisie
6180;Bou Arada - Ksar Boukhris;Tunisie
6180;Bou Arada - Sidi Abdennour;Tunisie
6113;Bourouis - Ain Achour;Tunisie
6113;Bourouis - Bou Rouis;Tunisie
6134;Bourouis - Bou Rouis Filahi;Tunisie
6113;Bourouis - Cité 7 Novembre;Tunisie
6113;Bourouis - Cité Cheminots;Tunisie
6113;Bourouis - Cité du Battoire;Tunisie
6113;Bourouis - Cité du Lycee;Tunisie
6113;Bourouis - Cité Ejjamaa;Tunisie
6112;Bourouis - Krib Gare;Tunisie
6113;Bourouis - Nechem;Tunisie
6134;Bourouis - Ouled Selit;Tunisie
6135;El Aroussa - Bou Jlida;Tunisie
6116;El Aroussa - El Aroussa;Tunisie
6116;El Aroussa - El Hajjej;Tunisie
6116;El Aroussa - Mosrata;Tunisie
6116;El Aroussa - Oued El Araar;Tunisie
6152;Er-Rouhia - 18 janvier;Tunisie
6150;Er-Rouhia - Cité El Ouns 1;Tunisie
6150;Er-Rouhia - Cité El Ouns 2;Tunisie
6150;Er-Rouhia - Cité Ennour;Tunisie
6150;Er-Rouhia - Cité Erriadh;Tunisie
6150;Er-Rouhia - Cité Essaada;Tunisie
6150;Er-Rouhia - Cité Ettahrir;Tunisie
6150;Er-Rouhia - Cité Hedi Khfacha;Tunisie
6150;Er-Rouhia - El Haria;Tunisie
6150;Er-Rouhia - El Hmaima;Tunisie
6150;Er-Rouhia - El Msahla;Tunisie
6150;Er-Rouhia - Fidh Hammed;Tunisie
6150;Er-Rouhia - Foundouk Debbich;Tunisie
6152;Er-Rouhia - Hebabsa Sud;Tunisie
6150;Er-Rouhia - Jemilette;Tunisie
6152;Er-Rouhia - Magrouna;Tunisie
6150;Er-Rouhia - Rohia;Tunisie
6172;Gaâfour - Ain Zrig;Tunisie
6111;Gaâfour - Akhouat Mine;Tunisie
6121;Gaâfour - Bennouria;Tunisie
6110;Gaâfour - Cité du Battoire;Tunisie
6110;Gaâfour - Cité du Lycee;Tunisie
6110;Gaâfour - Cité El Guebli;Tunisie
6110;Gaâfour - Cité El Wafa;Tunisie
6110;Gaâfour - Cité Ezzouhour 1;Tunisie
6110;Gaâfour - Cité Ezzouhour 2;Tunisie
6110;Gaâfour - Cité Ezzouhour 3;Tunisie
6110;Gaâfour - Cité Touensa;Tunisie
6121;Gaâfour - El Abarguia;Tunisie
6111;Gaâfour - El Akhouat;Tunisie
6121;Gaâfour - El Aksab;Tunisie
6121;Gaâfour - El Amel;Tunisie
6172;Gaâfour - El Barrama;Tunisie
6126;Gaâfour - El Frachich;Tunisie
6172;Gaâfour - El Haouam;Tunisie
6110;Gaâfour - El Kharrouba;Tunisie
6121;Gaâfour - Ennajah;Tunisie
6110;Gaâfour - Gaafour;Tunisie
6110;Gaâfour - Gaafour Chergui;Tunisie
6110;Gaâfour - Gaafour Gharbi;Tunisie
6172;Gaâfour - Mediouna;Tunisie
6111;Gaâfour - Mellita;Tunisie
6110;Gaâfour - Nouisser;Tunisie
6126;Gaâfour - Sidi Ayed;Tunisie
6131;Kesra - Beni Abdallah;Tunisie
6141;Kesra - Bou Abdallah;Tunisie
6114;Kesra - Cité 20 Mars;Tunisie
6141;Kesra - Cité Beni Sayour;Tunisie
6114;Kesra - Cité El Bassatine;Tunisie
6141;Kesra - Cité El Bhira;Tunisie
6141;Kesra - Cité El Ghrob;Tunisie
6114;Kesra - Cité El Intilaka;Tunisie
6141;Kesra - Cité El Ksar;Tunisie
6133;Kesra - El Garia;Tunisie
6114;Kesra - El Garia Sud;Tunisie
6131;Kesra - El Mansoura;Tunisie
6131;Kesra - El Mansoura Nord;Tunisie
6114;Kesra - Ezzaouia;Tunisie
6114;Kesra - Hammam Kesra;Tunisie
6114;Kesra - Kesra;Tunisie
6141;Kesra - Kesra Superieur;Tunisie
6125;Le Krib - Borj Messaoudi;Tunisie
6120;Le Krib - Cité Abdrabbah 1;Tunisie
6120;Le Krib - Cité Abdrabbah 2;Tunisie
6120;Le Krib - Cité Commerciale;Tunisie
6120;Le Krib - Cité de la Cellule;Tunisie
6120;Le Krib - Cité du Battoire;Tunisie
6120;Le Krib - Cité Ejjamaa;Tunisie
6120;Le Krib - Cité Ennasr;Tunisie
6120;Le Krib - Cité Essanaouber;Tunisie
6120;Le Krib - Cité Ettahrir;Tunisie
6120;Le Krib - Cité Independance;Tunisie
6122;Le Krib - Doukhania;Tunisie
6120;Le Krib - Fej El Hadoum;Tunisie
6132;Le Krib - Hammam Biadha;Tunisie
6120;Le Krib - Le Krib;Tunisie
6120;Le Krib - Merkez Ben Njah;Tunisie
6120;Le Krib - Oued Tessa El Morr;Tunisie
6120;Le Krib - Ouled Bouzid;Tunisie
6132;Le Krib - Souk El Jomaa;Tunisie
6140;Makthar - Beni Hazam;Tunisie
6140;Makthar - Chouarnia;Tunisie
6140;Makthar - Cité Debbiche;Tunisie
6140;Makthar - Cité El Bassatine;Tunisie
6140;Makthar - Cité El Ouns 1;Tunisie
6140;Makthar - Cité El Ouns 2;Tunisie
6140;Makthar - Cité Ennahala;Tunisie
6140;Makthar - Cité Essiada;Tunisie
6140;Makthar - Cité Ksiba;Tunisie
6140;Makthar - Cité Mongi Slim 1;Tunisie
6140;Makthar - Cité Mongi Slim 2;Tunisie
6140;Makthar - Cité Nouvelle;Tunisie
6140;Makthar - El Garaa;Tunisie
6151;Makthar - El Khalsa;Tunisie
6140;Makthar - Houch Sfaya;Tunisie
6140;Makthar - Khizrane;Tunisie
6140;Makthar - Makthar;Tunisie
6140;Makthar - Ras El Oued;Tunisie
6142;Makthar - Sned Haddad;Tunisie
6140;Makthar - Souk Jomaa;Tunisie
6140;Makthar - Zouakra;Tunisie
6100;Siliana Nord - Cité Cnrps;Tunisie
6100;Siliana Nord - Cité El Bassatine;Tunisie
6100;Siliana Nord - Cité El Yasmine;Tunisie
6100;Siliana Nord - Cité Ennour 1;Tunisie
6100;Siliana Nord - Cité Ennour 2;Tunisie
6100;Siliana Nord - Cité Ennouzha;Tunisie
6130;Siliana Nord - Cité Essalah;Tunisie
6130;Siliana Nord - Cité Essalah 2;Tunisie
6100;Siliana Nord - Cité Ezzouhour;Tunisie
6100;Siliana Nord - Cité Miskia;Tunisie
6100;Siliana Nord - Cité Office Cereale;Tunisie
6100;Siliana Nord - Cité Taieb Mhiri;Tunisie
6100;Siliana Nord - Jama;Tunisie
6100;Siliana Nord - Sidi Jabeur;Tunisie
6100;Siliana Sud - Ain Dissa;Tunisie
6123;Siliana Sud - Ain El Jouza;Tunisie
6100;Siliana Sud - Cité de la Republique;Tunisie
6100;Siliana Sud - Cité du Lycee;Tunisie
6100;Siliana Sud - Cité El Aida;Tunisie
6100;Siliana Sud - Cité Erriadh 1;Tunisie
6100;Siliana Sud - Cité Erriadh 2;Tunisie
6100;Siliana Sud - Cité Hached;Tunisie
6100;Siliana Sud - Cité Mongi Slim;Tunisie
6196;Siliana Sud - Douar Ezzriba;Tunisie
6100;Siliana Sud - El Gabel;Tunisie
6124;Siliana Sud - El Ganara;Tunisie
6196;Siliana Sud - El Ghemalia;Tunisie
6123;Siliana Sud - El Kantra;Tunisie
6100;Siliana Sud - El Megarba;Tunisie
6143;Siliana Sud - Essafina;Tunisie
6100;Siliana Sud - Fidh Arous;Tunisie
6100;Siliana Sud - Gabr El Ghoul;Tunisie
6196;Siliana Sud - Ghars Ezzriba;Tunisie
6100;Siliana Sud - Ksar Hadid;Tunisie
6196;Siliana Sud - Ras El Ma;Tunisie
6196;Siliana Sud - Sidi Ameur;Tunisie
6124;Siliana Sud - Sidi Hamada;Tunisie
6100;Siliana Sud - Sidi Mansour;Tunisie
6196;Siliana Sud - Sidi Morched;Tunisie
6100;Siliana Sud - Siliana;Tunisie
6123;Siliana Sud - Zaouiet Sidi Abdelmalek;Tunisie
9030;Amdoun - Ain El Goussa;Tunisie
9030;Amdoun - Ain Ghenem;Tunisie
9030;Amdoun - Beni Melek;Tunisie
9030;Amdoun - Bouris;Tunisie
9030;Amdoun - Cité de la Poste;Tunisie
9030;Amdoun - Cité Erraoudha;Tunisie
9030;Amdoun - Cité Hached;Tunisie
9030;Amdoun - Cité Taieb Mhiri;Tunisie
9030;Amdoun - Eddghabjia;Tunisie
9030;Amdoun - Edhhirat;Tunisie
9084;Amdoun - El Ayayda;Tunisie
9030;Amdoun - El Fraijia;Tunisie
9030;Amdoun - El Ghorfa;Tunisie
9030;Amdoun - El Graia;Tunisie
9030;Amdoun - El Hlikat;Tunisie
9084;Amdoun - El Homr;Tunisie
9030;Amdoun - El Jouza;Tunisie
9030;Amdoun - El Mjales;Tunisie
9030;Amdoun - Gaat El Mouhdi;Tunisie
9030;Amdoun - Ghouzia;Tunisie
9030;Amdoun - Maghraoua;Tunisie
9084;Amdoun - Menzel El Gourchi;Tunisie
9030;Amdoun - Menzel Hammed;Tunisie
9030;Amdoun - Remadhnia;Tunisie
9030;Amdoun - Sidi Mbarek;Tunisie
9030;Amdoun - Sidi Saadoun;Tunisie
9030;Amdoun - Sobah;Tunisie
9030;Amdoun - Zahret Mediene;Tunisie
9000;Béja Nord - Beja;Tunisie
9000;Béja Nord - Bou Keslane;Tunisie
9000;Béja Nord - Charchara;Tunisie
9000;Béja Nord - Cité Afh;Tunisie
9000;Béja Nord - Cité Ain Bazaz;Tunisie
9000;Béja Nord - Cité Ain Chemes;Tunisie
9000;Béja Nord - Cité Ain El Ghoula;Tunisie
9000;Béja Nord - Cité Beja El Jadida;Tunisie
9000;Béja Nord - Cité Belle Vue;Tunisie
9000;Béja Nord - Cité Bir Hofra;Tunisie
9000;Béja Nord - Cité Boutraa;Tunisie
9000;Béja Nord - Cité Cnrps;Tunisie
9000;Béja Nord - Cité de la Police;Tunisie
9000;Béja Nord - Cité de la Sante 1;Tunisie
9000;Béja Nord - Cité de la Sante 2;Tunisie
9000;Béja Nord - Cité des Mimosas;Tunisie
9000;Béja Nord - Cité des Proffesseurs;Tunisie
9000;Béja Nord - Cité des Roses;Tunisie
9000;Béja Nord - Cité Dhamene;Tunisie
9000;Béja Nord - Cité du Gouvernorat;Tunisie
9000;Béja Nord - Cité Echifa;Tunisie
9000;Béja Nord - Cité Economie du Nord;Tunisie
9000;Béja Nord - Cité Edhahbia 1;Tunisie
9000;Béja Nord - Cité Edhahbia 2;Tunisie
9000;Béja Nord - Cité El Baraka;Tunisie
9000;Béja Nord - Cité El Biadha;Tunisie
9000;Béja Nord - Cité El Boukhari;Tunisie
9000;Béja Nord - Cité El Boustene;Tunisie
9000;Béja Nord - Cité El Habib;Tunisie
9000;Béja Nord - Cité El Habibia;Tunisie
9000;Béja Nord - Cité El Haouari;Tunisie
9000;Béja Nord - Cité El Khadhra;Tunisie
9000;Béja Nord - Cité El Khadhra Superieur;Tunisie
9000;Béja Nord - Cité El Manar 1;Tunisie
9000;Béja Nord - Cité El Manar 2;Tunisie
9000;Béja Nord - Cité El Manar 3;Tunisie
9000;Béja Nord - Cité El Manar 4;Tunisie
9000;Béja Nord - Cité El Manar 5;Tunisie
9000;Béja Nord - Cité El Mekmda;Tunisie
9000;Béja Nord - Cité El Mhella;Tunisie
9000;Béja Nord - Cité El Moustakbel;Tunisie
9000;Béja Nord - Cité El Mzara;Tunisie
9000;Béja Nord - Cité El Olfa;Tunisie
9000;Béja Nord - Cité Ennouzha;Tunisie
9000;Béja Nord - Cité Erriadh 2;Tunisie
9000;Béja Nord - Cité Erriadhi 1;Tunisie
9000;Béja Nord - Cité Essalama;Tunisie
9000;Béja Nord - Cité Essalem;Tunisie
9000;Béja Nord - Cité Essanaouber;Tunisie
9000;Béja Nord - Cité Ezzouhour;Tunisie
9000;Béja Nord - Cité Garde Nationale;Tunisie
9000;Béja Nord - Cité Ibn Khaldoun;Tunisie
9000;Béja Nord - Cité Jardins;Tunisie
9000;Béja Nord - Cité Jebel El Akhdhar;Tunisie
9000;Béja Nord - Cité Ksar Bardo;Tunisie
9000;Béja Nord - Cité Pont Trageon;Tunisie
9000;Béja Nord - Cité Salah El Maghraoui;Tunisie
9000;Béja Nord - Cité Salambo;Tunisie
9000;Béja Nord - Cité Sidi Frej;Tunisie
9000;Béja Nord - Cité Snit;Tunisie
9000;Béja Nord - Cité S.r.transport;Tunisie
9000;Béja Nord - Cité Taieb Mhiri;Tunisie
9000;Béja Nord - Cité Usine du Sucre1;Tunisie
9000;Béja Nord - Cité Usine du Sucre2;Tunisie
9000;Béja Nord - El Hamrounia;Tunisie
9000;Béja Nord - El Mounchar;Tunisie
9031;Béja Nord - El Mzara;Tunisie
9000;Béja Nord - El Yousri;Tunisie
9000;Béja Nord - Fatnassa;Tunisie
9000;Béja Nord - Hajar Amor;Tunisie
9000;Béja Nord - Kasseb;Tunisie
9000;Béja Nord - Lafarke;Tunisie
9000;Béja Nord - Nagachia;Tunisie
9000;Béja Nord - Tarhouni;Tunisie
9023;Béja Sud - El Maagoula;Tunisie
9052;Béja Sud - Hammam Sayala;Tunisie
9021;Béja Sud - Mastouta;Tunisie
9021;Béja Sud - Mastouta Gare;Tunisie
9029;Béja Sud - Sidi Frej;Tunisie
9021;Béja Sud - Sidi Smail;Tunisie
9080;Goubellat - Briouig;Tunisie
9080;Goubellat - Cheik El Ouediane El Guebli;Tunisie
9080;Goubellat - Cité des Fonctionnaires;Tunisie
9080;Goubellat - Cité El Hana;Tunisie
9080;Goubellat - Cité El Izdihar;Tunisie
9080;Goubellat - Cité El Kamh;Tunisie
9080;Goubellat - Cité Essaada;Tunisie
9080;Goubellat - Cité Essanabel;Tunisie
9080;Goubellat - Cité Ezzouhour;Tunisie
9080;Goubellat - Cité Populaire;Tunisie
9080;Goubellat - Dour Ismail;Tunisie
9080;Goubellat - El Fedhailia;Tunisie
9080;Goubellat - El Gammarti;Tunisie
9080;Goubellat - El Ogla;Tunisie
9080;Goubellat - Ettraifa;Tunisie
9080;Goubellat - Goubellat;Tunisie
9083;Goubellat - Grame;Tunisie
9080;Goubellat - Khacheb;Tunisie
9080;Goubellat - Khenguet Eddihenne;Tunisie
9080;Goubellat - Tella;Tunisie
9080;Goubellat - Z.I.;Tunisie
9072;Medjez El Bab - Chaouech;Tunisie
9071;Medjez El Bab - Cité 02 Mars;Tunisie
9070;Medjez El Bab - Cité Baccar;Tunisie
9013;Medjez El Bab - Cité de la Poste;Tunisie
9070;Medjez El Bab - Cité de la Sante;Tunisie
9070;Medjez El Bab - Cité des Proffesseurs;Tunisie
9070;Medjez El Bab - Cité Dhamene;Tunisie
9070;Medjez El Bab - Cité du Gouvernorat;Tunisie
9013;Medjez El Bab - Cité Education;Tunisie
9070;Medjez El Bab - Cité El Azima 1;Tunisie
9070;Medjez El Bab - Cité El Azima 2;Tunisie
9070;Medjez El Bab - Cité El Azima 3;Tunisie
9070;Medjez El Bab - Cité El Bahrine;Tunisie
9070;Medjez El Bab - Cité El Behi;Tunisie
9070;Medjez El Bab - Cité El Fateh;Tunisie
9070;Medjez El Bab - Cité El Ferdaous 1;Tunisie
9070;Medjez El Bab - Cité El Hana;Tunisie
9070;Medjez El Bab - Cité El Manar;Tunisie
9070;Medjez El Bab - Cité El Menchari;Tunisie
9013;Medjez El Bab - Cité Enfance;Tunisie
9070;Medjez El Bab - Cité Erriadh;Tunisie
9070;Medjez El Bab - Cité Essedk;Tunisie
9070;Medjez El Bab - Cité Ettadhamen;Tunisie
9070;Medjez El Bab - Cité Ezzouhour;Tunisie
9070;Medjez El Bab - Cité Jallazia;Tunisie
9070;Medjez El Bab - Cité Majerda;Tunisie
9071;Medjez El Bab - El Griaat;Tunisie
9075;Medjez El Bab - El Herri;Tunisie
9015;Medjez El Bab - El Ksar;Tunisie
9070;Medjez El Bab - Gueriche El Oued;Tunisie
9070;Medjez El Bab - Hidous;Tunisie
9070;Medjez El Bab - Iden;Tunisie
9013;Medjez El Bab - Louatia;Tunisie
9070;Medjez El Bab - Mejez El Bab;Tunisie
9013;Medjez El Bab - Oued Ezzitoun;Tunisie
9013;Medjez El Bab - Oued Zarga;Tunisie
9070;Medjez El Bab - Sidi Ahmed Jedidi;Tunisie
9034;Medjez El Bab - Sidi Mediene;Tunisie
9044;Medjez El Bab - Sidi Nasser;Tunisie
9024;Medjez El Bab - Toukabeur;Tunisie
9010;Nefza - Beni Said;Tunisie
9012;Nefza - Bou Garnouna;Tunisie
9010;Nefza - Cité de la Liberte;Tunisie
9010;Nefza - Cité de la Poste;Tunisie
9010;Nefza - Cité des Carrieres;Tunisie
9010;Nefza - Cité des Roses;Tunisie
9010;Nefza - Cité El Mhiri;Tunisie
9010;Nefza - Cité Erriadh;Tunisie
9010;Nefza - Cité Essaada;Tunisie
9010;Nefza - Cité Ezzouhour;Tunisie
9010;Nefza - Cité Independance;Tunisie
9010;Nefza - Cité Mixte;Tunisie
9010;Nefza - Cité Mohsen Limam;Tunisie
9010;Nefza - Cité Rim;Tunisie
9010;Nefza - Cité Sidi Saad;Tunisie
9010;Nefza - Dar El Hit;Tunisie
9010;Nefza - El Amamria;Tunisie
9010;Nefza - El Ayayada Jamila;Tunisie
9012;Nefza - El Hemaidia;Tunisie
9010;Nefza - El Mazdour;Tunisie
9012;Nefza - El Mecherga;Tunisie
9012;Nefza - El Oulija;Tunisie
9012;Nefza - Ettaref;Tunisie
9012;Nefza - Ezzouaraa;Tunisie
9010;Nefza - Fatnassa;Tunisie
9010;Nefza - Jbel Diss;Tunisie
9010;Nefza - Jemil;Tunisie
9010;Nefza - Nefza;Tunisie
9012;Nefza - Ouechtata;Tunisie
9010;Nefza - Oued Bouzenna;Tunisie
9010;Nefza - Oued Damous;Tunisie
9010;Nefza - Ouled Houimel;Tunisie
9010;Nefza - Ouled Kacem;Tunisie
9012;Nefza - Ouled Salem;Tunisie
9010;Nefza - Oum Laabid;Tunisie
9011;Nefza - Tababa;Tunisie
9012;Nefza - Zaga;Tunisie
9040;Teboursouk - Ain El Kehoul;Tunisie
9040;Teboursouk - Ain El Melliti;Tunisie
9040;Teboursouk - Ain Jemmala;Tunisie
9040;Teboursouk - Bir Ettouta;Tunisie
9032;Teboursouk - Borj Brahim;Tunisie
9040;Teboursouk - Bouzaida;Tunisie
9040;Teboursouk - Cité Ain El Karma;Tunisie
9040;Teboursouk - Cité Ain Mrad;Tunisie
9040;Teboursouk - Cité de la Republique;Tunisie
9040;Teboursouk - Cité des Martyrs;Tunisie
9040;Teboursouk - Cité du Stade;Tunisie
9040;Teboursouk - Cité El Bassatine;Tunisie
9040;Teboursouk - Cité El Glai;Tunisie
9040;Teboursouk - Cité El Gourjani;Tunisie
9040;Teboursouk - Cité El Hadj Abdallah;Tunisie
9040;Teboursouk - Cité El Ksar;Tunisie
9040;Teboursouk - Cité Ennacim;Tunisie
9040;Teboursouk - Cité Ennacim 1;Tunisie
9040;Teboursouk - Cité Ennacim 2;Tunisie
9040;Teboursouk - Cité Ezzayatine 1;Tunisie
9040;Teboursouk - Cité Ezzayatine 2;Tunisie
9040;Teboursouk - Cité Ibn Khaldoun;Tunisie
9040;Teboursouk - Cité Ibn Sina;Tunisie
9040;Teboursouk - Cité Industrielle;Tunisie
9040;Teboursouk - Cité Jardins;Tunisie
9040;Teboursouk - Cité Meska;Tunisie
9040;Teboursouk - Cité Oued Essah;Tunisie
9040;Teboursouk - Cité Sidi Bagga;Tunisie
9032;Teboursouk - Douga;Tunisie
9040;Teboursouk - Dougga Rouines;Tunisie
9040;Teboursouk - El Ayedh;Tunisie
9040;Teboursouk - El Faouar;Tunisie
9040;Teboursouk - El Matria;Tunisie
9046;Teboursouk - Fadden Essouk;Tunisie
9032;Teboursouk - Khalled;Tunisie
9040;Teboursouk - Naffet;Tunisie
9040;Teboursouk - Ouled Marai;Tunisie
9040;Teboursouk - Rihana;Tunisie
9040;Teboursouk - Teboursouk;Tunisie
9060;Testour - Ain Younes;Tunisie
9014;Testour - Bab Bled;Tunisie
9060;Testour - Cité 20 Mars;Tunisie
9060;Testour - Cité 26 Fevrier;Tunisie
9014;Testour - Cité Bahrnia;Tunisie
9014;Testour - Cité Beharnia;Tunisie
9014;Testour - Cité Ben Karouia;Tunisie
9014;Testour - Cité Ben Othman;Tunisie
9014;Testour - Cité Dar Echabeb;Tunisie
9060;Testour - Cité des Andalous;Tunisie
9060;Testour - Cité El Bassatine;Tunisie
9060;Testour - Cité El Folla;Tunisie
9014;Testour - Cité El Gadhoum;Tunisie
9060;Testour - Cité El Izdihar;Tunisie
9060;Testour - Cité El Malouf;Tunisie
9014;Testour - Cité El Mendra;Tunisie
9060;Testour - Cité Ennacim;Tunisie
9014;Testour - Cité Erraoudha;Tunisie
9014;Testour - Cité Essayadine;Tunisie
9014;Testour - Cité Fedden Jemaa;Tunisie
9060;Testour - Cité Gharnata 1;Tunisie
9060;Testour - Cité Gharnata 2;Tunisie
9060;Testour - Cité Ibn Zeidoun;Tunisie
9014;Testour - Cité Jabbess;Tunisie
9014;Testour - Cité Kichtilou;Tunisie
9014;Testour - Cité Ouled Slimane;Tunisie
9014;Testour - Cité Sidi Khouili;Tunisie
9060;Testour - Cité Spiniair;Tunisie
9014;Testour - Cité Tafercha;Tunisie
9014;Testour - Cité Tijani;Tunisie
9060;Testour - El Glaa;Tunisie
9014;Testour - El Mellah;Tunisie
9061;Testour - Esskhira;Tunisie
9014;Testour - Esslouguia;Tunisie
9061;Testour - Henchir Bou Sofra;Tunisie
9014;Testour - Jebel Fellous;Tunisie
9060;Testour - Jlass Bou Issa;Tunisie
9060;Testour - Mezougha;Tunisie
9060;Testour - Oued Jedra;Tunisie
9060;Testour - Ouled Slama;Tunisie
9014;Testour - Ouljet Doukhane;Tunisie
9060;Testour - Rhiba;Tunisie
9060;Testour - Testour;Tunisie
9060;Testour - Zeldou;Tunisie
9022;Tibar - Cité 2 Mars;Tunisie
9022;Tibar - Cité Commerciale;Tunisie
9022;Tibar - Cité des Ouvriers;Tunisie
9022;Tibar - Cité El Olfa;Tunisie
9022;Tibar - Cité Ennour;Tunisie
9022;Tibar - Cité Essalama;Tunisie
9022;Tibar - Cité Hached;Tunisie
9022;Tibar - Cité Ibn Khaldoun;Tunisie
9042;Tibar - Djebba;Tunisie
9042;Tibar - El Henancha;Tunisie
9022;Tibar - Ennechima;Tunisie
9022;Tibar - Thibar;Tunisie
4042;Akouda - Chatt Meriem;Tunisie
4042;Akouda - Cité du Dispensaire;Tunisie
4042;Akouda - Cité Ecole Superieure;Tunisie
4042;Akouda - Cité Ejjamaa;Tunisie
4042;Akouda - Halg El Menjel;Tunisie
4042;Akouda - Tantana;Tunisie
4010;Bouficha - Bou Ficha;Tunisie
4010;Bouficha - Cité 20 Mars;Tunisie
4010;Bouficha - Cité Erriadh;Tunisie
4010;Bouficha - Cité Ettahrir;Tunisie
4010;Bouficha - Cité Ezzouhour;Tunisie
4010;Bouficha - Cité Hached;Tunisie
4010;Bouficha - Cité Militaire;Tunisie
4010;Bouficha - Cité Snit;Tunisie
4010;Bouficha - Essalloum;Tunisie
4010;Bouficha - Lenderia;Tunisie
4010;Bouficha - Oued El Kharroub;Tunisie
4082;Bouficha - Sidi Khelifa;Tunisie
4010;Bouficha - Sidi Mtir;Tunisie
4010;Bouficha - Sidi Said;Tunisie
4095;Enfidha - Ain Medheker;Tunisie
4034;Enfidha - Chegarnia;Tunisie
4030;Enfidha - Cité 7 Novembre;Tunisie
4030;Enfidha - Cité Cimenterie;Tunisie
4030;Enfidha - Cité de l'action;Tunisie
4030;Enfidha - Cité El Bidhane;Tunisie
4030;Enfidha - Cité El Yasmine;Tunisie
4030;Enfidha - Cité Environnement;Tunisie
4030;Enfidha - Cité Erriadh;Tunisie
4030;Enfidha - Cité Essalem;Tunisie
4030;Enfidha - Cité Ettahrir;Tunisie
4030;Enfidha - Cité Ezzayatine;Tunisie
4030;Enfidha - Cité Hached;Tunisie
4030;Enfidha - Cité Mohamed Ali;Tunisie
4030;Enfidha - Dhehaibia;Tunisie
4030;Enfidha - El Frada;Tunisie
4030;Enfidha - El Ghoualif;Tunisie
4030;Enfidha - El Ghouilet;Tunisie
4030;Enfidha - Enfidha;Tunisie
4030;Enfidha - Essafha;Tunisie
4030;Enfidha - Essmaidia;Tunisie
4030;Enfidha - Grimit Est;Tunisie
4030;Enfidha - Grimit Ouest;Tunisie
4030;Enfidha - Hicher;Tunisie
4032;Enfidha - Menzel Bel Ouaer;Tunisie
4030;Enfidha - Menzel Fateh;Tunisie
4030;Enfidha - Methalithe;Tunisie
4030;Enfidha - Mrabet Hached;Tunisie
4030;Enfidha - Ouled Abdallah;Tunisie
4030;Enfidha - Ouled Bellil;Tunisie
4030;Enfidha - Ouled Mohamed;Tunisie
4030;Enfidha - Sidi Saidane;Tunisie
4030;Enfidha - Takrouna;Tunisie
4017;Hammam Sousse - Cité de la Plage 2;Tunisie
4017;Hammam Sousse - Cité Ennarjes 1;Tunisie
4017;Hammam Sousse - Cité Ennarjes 2;Tunisie
4089;Hammam Sousse - Cité Ezzitouna 1;Tunisie
4089;Hammam Sousse - Cité Ezzitouna 2;Tunisie
4017;Hammam Sousse - Cité Jaouhara;Tunisie
4089;Hammam Sousse - Cité Presidentielle;Tunisie
4089;Hammam Sousse - El Kantaoui;Tunisie
4011;Hammam Sousse - Hammam Sousse;Tunisie
4017;Hammam Sousse - Hammam Sousse Gharbi;Tunisie
4012;Hergla - Hergla;Tunisie
4012;Hergla - Souayeh;Tunisie
4060;Kalaa Kebira - Belaoum;Tunisie
4063;Kalaa Kebira - Chiab;Tunisie
4060;Kalaa Kebira - Cité Bir Chemsi;Tunisie
4060;Kalaa Kebira - Cité Bir Hlaoua;Tunisie
4060;Kalaa Kebira - Cité Chargui;Tunisie
4060;Kalaa Kebira - Cité Commerciale;Tunisie
4060;Kalaa Kebira - Cité El Bassatine;Tunisie
4060;Kalaa Kebira - Cité El Intilaka;Tunisie
4060;Kalaa Kebira - Cité El Jebs;Tunisie
4060;Kalaa Kebira - Cité El Mansoura;Tunisie
4060;Kalaa Kebira - Cité Ennouzha 1;Tunisie
4060;Kalaa Kebira - Cité Ennouzha 2;Tunisie
4060;Kalaa Kebira - Cité Fadden Aoun;Tunisie
4060;Kalaa Kebira - Cité Nouvelle;Tunisie
4060;Kalaa Kebira - Cité Sidi Zaied;Tunisie
4060;Kalaa Kebira - Cité Zone des Metiers;Tunisie
4060;Kalaa Kebira - El Kraria;Tunisie
4060;Kalaa Kebira - Kalaa El Kebira;Tunisie
4062;Kalaa Kebira - Kalaa El Kebira Ksar;Tunisie
4060;Kalaa Kebira - Ouled Lesseoud;Tunisie
4021;Kalaa Seghira - Cité Chragui;Tunisie
4021;Kalaa Seghira - Cité El Manezeh;Tunisie
4021;Kalaa Seghira - Cité Khazzen El Ma;Tunisie
4021;Kalaa Seghira - Ennagr;Tunisie
4021;Kalaa Seghira - Kalaa Essghira;Tunisie
4021;Kalaa Seghira - Oued Laya;Tunisie
4020;Kondar - Blelma;Tunisie
4020;Kondar - El Bechachma;Tunisie
4020;Kondar - Kondar;Tunisie
4020;Kondar - Ouled Ameur;Tunisie
4020;Kondar - Ouled El Abed;Tunisie
4020;Kondar - Tarhouna;Tunisie
4015;Msaken - Beni Rabia;Tunisie
4014;Msaken - Chihia;Tunisie
4015;Msaken - Cité Cimetiere;Tunisie
4015;Msaken - Cité Dar Esseghair;Tunisie
4015;Msaken - Cité Ecole Primaire;Tunisie
4015;Msaken - Cité El Mansour;Tunisie
4015;Msaken - Cité Hedi Gachacha;Tunisie
4015;Msaken - Cité Rached El Ouertani;Tunisie
4015;Msaken - Cité Slama;Tunisie
4015;Msaken - El Borjine;Tunisie
4015;Msaken - El Frada;Tunisie
4014;Msaken - El Knaies;Tunisie
4013;Msaken - Messadine;Tunisie
4033;Msaken - Moureddine;Tunisie
4070;Msaken - Msaken;Tunisie
4099;Msaken - Msaken El Gueblia;Tunisie
4024;Msaken - Msaken Hai Jedid;Tunisie
4040;Sidi Bou Ali - Cité Ibn Khaldoun;Tunisie
4040;Sidi Bou Ali - El Aitha;Tunisie
4040;Sidi Bou Ali - El Alouj;Tunisie
4040;Sidi Bou Ali - El Araydhia;Tunisie
4040;Sidi Bou Ali - El Mhedhba;Tunisie
4045;Sidi Bou Ali - Essad Nord;Tunisie
4040;Sidi Bou Ali - Essad Sud;Tunisie
4040;Sidi Bou Ali - Kenana;Tunisie
4043;Sidi Bou Ali - Menzel Gare;Tunisie
4040;Sidi Bou Ali - Ouriemma;Tunisie
4040;Sidi Bou Ali - Sidi Bou Ali;Tunisie
4025;Sidi El Heni - El Mouissette;Tunisie
4025;Sidi El Heni - Ghabghoub;Tunisie
4026;Sidi El Heni - Kroussia;Tunisie
4025;Sidi El Heni - Ouled Ali B Hani;Tunisie
4025;Sidi El Heni - Ouled Alouene;Tunisie
4025;Sidi El Heni - Ouled Amor;Tunisie
4025;Sidi El Heni - Ouled Boubaker;Tunisie
4025;Sidi El Heni - Ouled El Kbaier;Tunisie
4025;Sidi El Heni - Ouled El Khechine;Tunisie
4025;Sidi El Heni - Sidi El Heni;Tunisie
4025;Sidi El Heni - Zerdoub;Tunisie
4061;Sousse Jawhara - Cité Batiments;Tunisie
4061;Sousse Jawhara - Cité Ben Aleya;Tunisie
4051;Sousse Jawhara - Cité de la Steg;Tunisie
4061;Sousse Jawhara - Cité El Ghoudrane;Tunisie
4054;Sousse Jawhara - Cité Sahloul;Tunisie
4061;Sousse Jawhara - Cité Sidi Abdelhamid;Tunisie
4051;Sousse Jawhara - Cité Sidi Daher;Tunisie
4071;Sousse Jawhara - Khezama Ouest;Tunisie
4054;Sousse Jawhara - Sahloul;Tunisie
4061;Sousse Jawhara - Sousse Ibn Khaldoun;Tunisie
4051;Sousse Jawhara - Sousse Khezama;Tunisie
4000;Sousse Medina - Cité Cheminots;Tunisie
4000;Sousse Medina - Cité Cnrps;Tunisie
4000;Sousse Medina - Cité Garde Nationale;Tunisie
4000;Sousse Medina - Cité Hached;Tunisie
4000;Sousse Medina - Cité Hadrumette;Tunisie
4000;Sousse Medina - Cité Jaouhara;Tunisie
4000;Sousse Medina - Cité Khedher;Tunisie
4000;Sousse Medina - Cité Militaire;Tunisie
4000;Sousse Medina - Cité Rizzi;Tunisie
4000;Sousse Medina - Cité Sprols;Tunisie
4000;Sousse Medina - Sousse;Tunisie
4059;Sousse Medina - Sousse Corniche;Tunisie
4041;Sousse Riadh - Cité 7 Novembre 3;Tunisie
4041;Sousse Riadh - Cité Sinan Pacha;Tunisie
4041;Sousse Riadh - Ksibet Sousse;Tunisie
4031;Sousse Riadh - Sousse Ezzouhour;Tunisie
4023;Sousse Riadh - Sousse Riadh;Tunisie
4041;Sousse Riadh - Thrayette;Tunisie
4081;Sousse Riadh - Zaouiet Sousse;Tunisie
3212;Bir Lahmar - Cité El Bassatine;Tunisie
3212;Bir Lahmar - Cité El Grar;Tunisie
3212;Bir Lahmar - Cité El Menzah;Tunisie
3212;Bir Lahmar - Cité Esned;Tunisie
3212;Bir Lahmar - El Argoub;Tunisie
3212;Bir Lahmar - Gragar;Tunisie
3212;Bir Lahmar - Habhab;Tunisie
3212;Bir Lahmar - Ksar Ouled Boubaker;Tunisie
3212;Bir Lahmar - Oued El Arfej;Tunisie
3212;Bir Lahmar - Ouled Yahya;Tunisie
3253;Dehiba - Cité du Bain Maure;Tunisie
3253;Dehiba - Cité El Aidi;Tunisie
3253;Dehiba - Cité El Amel;Tunisie
3253;Dehiba - Cité Ettadhamen;Tunisie
3253;Dehiba - Cité Ettadhamen 1;Tunisie
3253;Dehiba - Cité Haftali;Tunisie
3253;Dehiba - Cité Ksar Guedim;Tunisie
3253;Dehiba - Cité Olympique;Tunisie
3253;Dehiba - Dhehiba;Tunisie
3253;Dehiba - Oum Zoggar;Tunisie
3253;Dehiba - Ouni;Tunisie
3220;Ghomrassen - Cité Bir Karma;Tunisie
3220;Ghomrassen - Cité Commerciale;Tunisie
3220;Ghomrassen - Cité des Martyrs;Tunisie
3220;Ghomrassen - Cité des Oasis;Tunisie
3220;Ghomrassen - Cité du Stade;Tunisie
3220;Ghomrassen - Cité El Ain;Tunisie
3220;Ghomrassen - Cité El Anouar;Tunisie
3220;Ghomrassen - Cité El Bicher;Tunisie
3220;Ghomrassen - Cité El Maaraka;Tunisie
3220;Ghomrassen - Cité Ennakhil;Tunisie
3220;Ghomrassen - Cité Ennasr;Tunisie
3220;Ghomrassen - Cité Ettahrir 1;Tunisie
3220;Ghomrassen - Cité Ettahrir 2;Tunisie
3220;Ghomrassen - Cité Founesse;Tunisie
3220;Ghomrassen - Cité Ibn Arafa;Tunisie
3220;Ghomrassen - Cité Mouzdelifa;Tunisie
3220;Ghomrassen - Cité Nouvelle;Tunisie
3220;Ghomrassen - Cité Romana;Tunisie
3220;Ghomrassen - Cité Rosfa;Tunisie
3220;Ghomrassen - Cité Sifri;Tunisie
3220;Ghomrassen - Cité Taousse;Tunisie
3220;Ghomrassen - Cité Tataouine;Tunisie
3241;Ghomrassen - El Farech;Tunisie
3220;Ghomrassen - El Hencha;Tunisie
3224;Ghomrassen - El Horria;Tunisie
3220;Ghomrassen - Ghomrassen;Tunisie
3271;Ghomrassen - Guermessa;Tunisie
3261;Ghomrassen - Ksar El Hedada;Tunisie
3251;Ghomrassen - Ksar El Mourabtine;Tunisie
3220;Ghomrassen - Mdhilla;Tunisie
3235;Ghomrassen - Oued El Khil;Tunisie
3240;Remada - Borj Bourguiba;Tunisie
3240;Remada - Borj El Khadra;Tunisie
3240;Remada - El Maghni;Tunisie
3240;Remada - El Morra;Tunisie
3240;Remada - El Ouchouch;Tunisie
3245;Remada - Kambout;Tunisie
3286;Remada - Nekrif;Tunisie
3240;Remada - Oum Souigh;Tunisie
3240;Remada - Remada;Tunisie
3223;Smar - Cité Caserne;Tunisie
3223;Smar - Cité du Stade;Tunisie
3223;Smar - El Ghariani;Tunisie
3223;Smar - El Guetaya;Tunisie
3200;Smar - El Maouna;Tunisie
3223;Smar - El Morra;Tunisie
3223;Smar - Gualeb Errakham;Tunisie
3223;Smar - Guearaat Helal;Tunisie
3225;Smar - Kirchaou;Tunisie
3223;Smar - Ksar El Gaa;Tunisie
3213;Smar - Ksar Oun;Tunisie
3223;Smar - Oudiete Abdelounis;Tunisie
3223;Smar - Ras El Oued;Tunisie
3223;Smar - Rehach;Tunisie
3223;Smar - Sabeg;Tunisie
3223;Smar - Smar;Tunisie
3200;Tataouine Nord - Cité El Mahrajene;Tunisie
3200;Tataouine Nord - Cité Ennour;Tunisie
3200;Tataouine Nord - Cité Ennouzha;Tunisie
3217;Tataouine Nord - El Hachana;Tunisie
3217;Tataouine Nord - Essaada;Tunisie
3272;Tataouine Nord - Ezzahra Tataouine;Tunisie
3233;Tataouine Nord - Gattoufa;Tunisie
3200;Tataouine Nord - Khetma;Tunisie
3200;Tataouine Nord - Ksar Bhir;Tunisie
3200;Tataouine Nord - Ksar El Galaa;Tunisie
3282;Tataouine Nord - Ksar Ouled Soltan;Tunisie
3243;Tataouine Nord - Oued El Ghar;Tunisie
3200;Tataouine Nord - Remtha;Tunisie
3200;Tataouine Nord - Tamazout;Tunisie
3200;Tataouine Nord - Tamelest;Tunisie
3263;Tataouine Nord - Tataouine 7 Novembre;Tunisie
3214;Tataouine Nord - Tlelet;Tunisie
3243;Tataouine Nord - Zmilet Saber;Tunisie
3284;Tataouine Sud - Bir Thlathine;Tunisie
3222;Tataouine Sud - Chenini;Tunisie
3274;Tataouine Sud - Chenini Nouvelle;Tunisie
3200;Tataouine Sud - Cité Commerciale;Tunisie
3200;Tataouine Sud - Cité des Roses;Tunisie
3200;Tataouine Sud - Cité du President;Tunisie
3200;Tataouine Sud - Cité El Hedadda;Tunisie
3200;Tataouine Sud - Cité Erriadh;Tunisie
3200;Tataouine Sud - Cité Nouvelle;Tunisie
3200;Tataouine Sud - Cité Senegal;Tunisie
3232;Tataouine Sud - Douiret;Tunisie
3200;Tataouine Sud - Ghorghar;Tunisie
3242;Tataouine Sud - Ksar Debab;Tunisie
3221;Tataouine Sud - Ksar Mguebla;Tunisie
3252;Tataouine Sud - Maztouria;Tunisie
3264;Tataouine Sud - Ras El Oued;Tunisie
3293;Tataouine Sud - Rogba;Tunisie
3200;Tataouine Sud - Sedra;Tunisie
3200;Tataouine Sud - Tataouine;Tunisie
3211;Tataouine Sud - Tounket;Tunisie
2263;Degach - Ceddada;Tunisie
2214;Degach - Chakmou;Tunisie
2260;Degach - Cité de la Gare;Tunisie
2260;Degach - Cité du Stade;Tunisie
2260;Degach - Cité El Bassatine;Tunisie
2260;Degach - Cité El Hasnaoui;Tunisie
2260;Degach - Cité Logement Presidentiel;Tunisie
2260;Degach - Cité Nouveau Stade;Tunisie
2260;Degach - Cité Ouled El Gharbi;Tunisie
2260;Degach - Cité Ouled Hmida;Tunisie
2260;Degach - Degueche;Tunisie
2262;Degach - Dghoumes;Tunisie
2214;Degach - El Hamma du Jerid;Tunisie
2224;Degach - El Mahassen;Tunisie
2261;Degach - Ouled Majed;Tunisie
2261;Degach - Sabaa Obbat;Tunisie
2261;Degach - Zaouiet El Arab;Tunisie
2263;Nefta - Ceddada;Tunisie
2214;Nefta - Chakmou;Tunisie
2260;Nefta - Cité de la Gare;Tunisie
2260;Nefta - Cité du Stade;Tunisie
2260;Nefta - Cité El Bassatine;Tunisie
2260;Nefta - Cité El Hasnaoui;Tunisie
2260;Nefta - Cité Logement Presidentiel;Tunisie
2260;Nefta - Cité Nouveau Stade;Tunisie
2260;Nefta - Cité Ouled El Gharbi;Tunisie
2260;Nefta - Cité Ouled Hmida;Tunisie
2260;Nefta - Degueche;Tunisie
2262;Nefta - Dghoumes;Tunisie
2214;Nefta - El Hamma du Jerid;Tunisie
2224;Nefta - El Mahassen;Tunisie
2261;Nefta - Ouled Majed;Tunisie
2261;Nefta - Sabaa Obbat;Tunisie
2261;Nefta - Zaouiet El Arab;Tunisie
2240;Nefta - Cité Erriadh;Tunisie
2240;Nefta - Cité Khzama;Tunisie
2240;Nefta - Cité Nouvelle;Tunisie
2240;Nefta - Nefta;Tunisie
2263;Tameghza - Ceddada;Tunisie
2214;Tameghza - Chakmou;Tunisie
2260;Tameghza - Cité de la Gare;Tunisie
2260;Tameghza - Cité du Stade;Tunisie
2260;Tameghza - Cité El Bassatine;Tunisie
2260;Tameghza - Cité El Hasnaoui;Tunisie
2260;Tameghza - Cité Logement Presidentiel;Tunisie
2260;Tameghza - Cité Nouveau Stade;Tunisie
2260;Tameghza - Cité Ouled El Gharbi;Tunisie
2260;Tameghza - Cité Ouled Hmida;Tunisie
2260;Tameghza - Degueche;Tunisie
2262;Tameghza - Dghoumes;Tunisie
2214;Tameghza - El Hamma du Jerid;Tunisie
2224;Tameghza - El Mahassen;Tunisie
2261;Tameghza - Ouled Majed;Tunisie
2261;Tameghza - Sabaa Obbat;Tunisie
2261;Tameghza - Zaouiet El Arab;Tunisie
2240;Tameghza - Cité Erriadh;Tunisie
2240;Tameghza - Cité Khzama;Tunisie
2240;Tameghza - Cité Nouvelle;Tunisie
2240;Tameghza - Nefta;Tunisie
2253;Tameghza - Chebika du Jerid;Tunisie
2212;Tameghza - Cité Administrative;Tunisie
2253;Tameghza - Cité Bou Chagra;Tunisie
2253;Tameghza - Cité de l'ecole;Tunisie
2212;Tameghza - Cité El Amel;Tunisie
2253;Tameghza - Cité El Bassatine;Tunisie
2253;Tameghza - Cité El Frada;Tunisie
2211;Tameghza - Dhafria;Tunisie
2212;Tameghza - El Frid;Tunisie
2212;Tameghza - Logement Populaire;Tunisie
2212;Tameghza - Mides;Tunisie
2212;Tameghza - Remitha;Tunisie
2212;Tameghza - Sondes;Tunisie
2212;Tameghza - Tameghza;Tunisie
2263;Tozeur - Ceddada;Tunisie
2214;Tozeur - Chakmou;Tunisie
2260;Tozeur - Cité de la Gare;Tunisie
2260;Tozeur - Cité du Stade;Tunisie
2260;Tozeur - Cité El Bassatine;Tunisie
2260;Tozeur - Cité El Hasnaoui;Tunisie
2260;Tozeur - Cité Logement Presidentiel;Tunisie
2260;Tozeur - Cité Nouveau Stade;Tunisie
2260;Tozeur - Cité Ouled El Gharbi;Tunisie
2260;Tozeur - Cité Ouled Hmida;Tunisie
2260;Tozeur - Degueche;Tunisie
2262;Tozeur - Dghoumes;Tunisie
2214;Tozeur - El Hamma du Jerid;Tunisie
2224;Tozeur - El Mahassen;Tunisie
2261;Tozeur - Ouled Majed;Tunisie
2261;Tozeur - Sabaa Obbat;Tunisie
2261;Tozeur - Zaouiet El Arab;Tunisie
2240;Tozeur - Cité Erriadh;Tunisie
2240;Tozeur - Cité Khzama;Tunisie
2240;Tozeur - Cité Nouvelle;Tunisie
2240;Tozeur - Nefta;Tunisie
2253;Tozeur - Chebika du Jerid;Tunisie
2212;Tozeur - Cité Administrative;Tunisie
2253;Tozeur - Cité Bou Chagra;Tunisie
2253;Tozeur - Cité de l'ecole;Tunisie
2212;Tozeur - Cité El Amel;Tunisie
2253;Tozeur - Cité El Bassatine;Tunisie
2253;Tozeur - Cité El Frada;Tunisie
2211;Tozeur - Dhafria;Tunisie
2212;Tozeur - El Frid;Tunisie
2212;Tozeur - Logement Populaire;Tunisie
2212;Tozeur - Mides;Tunisie
2212;Tozeur - Remitha;Tunisie
2212;Tozeur - Sondes;Tunisie
2212;Tozeur - Tameghza;Tunisie
2233;Tozeur - Bled El Hadhar;Tunisie
2233;Tozeur - Bou Lifa;Tunisie
2243;Tozeur - Chabbia;Tunisie
2239;Tozeur - Chetaoua Sahraoui;Tunisie
2243;Tozeur - Chorfa;Tunisie
2210;Tozeur - Cité Afh;Tunisie
2210;Tozeur - Cité Cnrps;Tunisie
2200;Tozeur - Cité Commerciale;Tunisie
2210;Tozeur - Cité de la Gare;Tunisie
2210;Tozeur - Cité El Guitna;Tunisie
2241;Tozeur - Cité El Izdihar;Tunisie
2210;Tozeur - Cité El Mahrajene;Tunisie
2210;Tozeur - Cité Helba;Tunisie
2210;Tozeur - Cité Hopital;Tunisie
2210;Tozeur - Cité Maison Populaire;Tunisie
2210;Tozeur - Cité Route de Degueche;Tunisie
2210;Tozeur - Cité Route El Hajij;Tunisie
2210;Tozeur - Cité Route El Hamma;Tunisie
2210;Tozeur - Cité Route Ennafliette;Tunisie
2210;Tozeur - Cité Sidi El Hafnaoui;Tunisie
2210;Tozeur - Cité Tebebsa;Tunisie
2233;Tozeur - Essoualmia;Tunisie
2233;Tozeur - Jahim;Tunisie
2241;Tozeur - Ras Dhraa;Tunisie
2200;Tozeur - Tozeur;Tunisie
2213;Tozeur - Tozeur aéroport;Tunisie
2210;Tozeur - Tozeur Chokratsi;Tunisie
2210;Tozeur - Zone Touristique;Tunisie
2052;Ezzouhour - Cité des Officiers;Tunisie
2052;Ezzouhour - Cité Essaada;Tunisie
2052;Ezzouhour - Cité Essomrane;Tunisie
2052;Ezzouhour - Cité Ezzouhour;Tunisie
2052;Ezzouhour - Ezzouhour 4;Tunisie
1000;Bab El Bhar - Bab El Jazira;Tunisie
1069;Bab El Bhar - Habib Thameur;Tunisie
1002;Bab El Bhar - Hedi Chaker;Tunisie
1073;Bab El Bhar - Montplaisir;Tunisie
1001;Bab El Bhar - Republique;Tunisie
1000;Bab El Bhar - Sidi Bahri;Tunisie
1002;Bab El Bhar - Taieb El M'hiri;Tunisie
1006;Bab Souika - Bab El Alouj;Tunisie
1006;Bab Souika - Bab El Assel;Tunisie
1075;Bab Souika - Bab El Khadra;Tunisie
1029;Bab Souika - Bab Saadoun;Tunisie
1006;Bab Souika - Bab Sidi Abdessalem;Tunisie
1006;Bab Souika - Bab Souika;Tunisie
1006;Bab Souika - Borj Zouara;Tunisie
1006;Bab Souika - El Halfaouine;Tunisie
1006;Bab Souika - Hammam El Remimi;Tunisie
1006;Bab Souika - Sidi Djebeli;Tunisie
1006;Bab Souika - Tronja;Tunisie
1006;Bab Souika - Zaouiet El Bakria;Tunisie
2016;Carthage - Cartage Byrsa;Tunisie
2016;Carthage - Cartage Plage;Tunisie
2016;Carthage - Carthage;Tunisie
2016;Carthage - Cité de la Steg;Tunisie
2016;Carthage - Cité Mohamed Ali;Tunisie
2085;Carthage - El Yasmina;Tunisie
2025;Carthage - Salambo;Tunisie
2026;Carthage - Sidi Bousaid;Tunisie
1003;Cité El Khadhra - Cité El Wafa;Tunisie
1002;Cité El Khadhra - Cité Jardins;Tunisie
1003;Cité El Khadhra - Cité Olympeade;Tunisie
1003;Cité El Khadhra - Cité Oplympique;Tunisie
1003;Cité El Khadhra - Cité Star;Tunisie
2035;Cité El Khadhra - El Charguia;Tunisie
1002;Cité El Khadhra - Kheireddine Pacha;Tunisie
2023;Djebel Djelloud - Cité Thameur;Tunisie
2023;Djebel Djelloud - El Afrane;Tunisie
1046;Djebel Djelloud - El Garjouma;Tunisie
1046;Djebel Djelloud - El Sebkha;Tunisie
1046;Djebel Djelloud - Jebel Jelloud;Tunisie
2023;Djebel Djelloud - Sidi Fathallah;Tunisie
2052;El Hrairia - Cité Bouzaiene;Tunisie
2087;El Hrairia - Cité El Mechtel;Tunisie
2051;El Hrairia - Cité Errachidia;Tunisie
2051;El Hrairia - Cité Essalama;Tunisie
2051;El Hrairia - Cité Essoltani;Tunisie
2087;El Hrairia - Cité Hwas;Tunisie
2051;El Hrairia - Cité Jlas;Tunisie
2051;El Hrairia - Cité Medjerda;Tunisie
2087;El Hrairia - El Hrairia;Tunisie
2051;El Hrairia - Ezzahrouni;Tunisie
2052;El Hrairia - Ezzouhour 5;Tunisie
2053;El Kabaria - El Kabbaria 1;Tunisie
2053;El Kabaria - El Kabbaria 2;Tunisie
2053;El Kabaria - El Kabbaria 3;Tunisie
2053;El Kabaria - El Kabbaria 4;Tunisie
1074;El Kabaria - El Mourouj 2;Tunisie
2053;El Kabaria - El Ouerdia 4;Tunisie
2066;El Kabaria - Ibn Sina;Tunisie
2092;El Menzah - Cité des Medecins;Tunisie
2092;El Menzah - Cité du Paradis;Tunisie
1082;El Menzah - Cité El Mahrajene;Tunisie
2092;El Menzah - Cité Faiza;Tunisie
2092;El Menzah - Cité Saba;Tunisie
1082;El Menzah - Cité Snit;Tunisie
2092;El Menzah - El Manar 2;Tunisie
1004;El Menzah - El Menzah 1;Tunisie
1082;El Menzah - El Menzah 2;Tunisie
1082;El Menzah - El Menzah 3;Tunisie
1082;El Menzah - El Menzah 4;Tunisie
1013;El Menzah - El Menzah 9;Tunisie
1082;El Menzah - Mutuelle Ville;Tunisie
1002;El Menzah - Tunis Belvedere;Tunisie
1005;El Omrane - Bir Atig;Tunisie
1005;El Omrane - Cité Centrale;Tunisie
1005;El Omrane - Cité des Oliviers;Tunisie
1005;El Omrane - Cité El Habib;Tunisie
1005;El Omrane - Cité Militaire;Tunisie
1005;El Omrane - Djbal El Ahmar;Tunisie
1005;El Omrane - El Omrane;Tunisie
1005;El Omrane - Oued El Sebai;Tunisie
2000;El Omrane - Ras Tabia;Tunisie
2062;El Omrane Supérieur - Cité Ibn Khaldoun I;Tunisie
2062;El Omrane Supérieur - Cité Ibn Khaldoun Vi;Tunisie
1064;El Omrane Supérieur - El Nassim;Tunisie
1091;El Omrane Supérieur - El Omrane Superieur;Tunisie
1068;El Omrane Supérieur - Rommana;Tunisie
1009;El Ouardia - Borj Ali Errais;Tunisie
1009;El Ouardia - Cité El Izdihar;Tunisie
1009;El Ouardia - Cité Mohamed Ali;Tunisie
1009;El Ouardia - Dibouzville;Tunisie
1009;El Ouardia - El Ouerdia;Tunisie
1009;El Ouardia - Lakagnia;Tunisie
1009;El Ouardia - Les Martyrs;Tunisie
1009;El Ouardia - Mathul de Ville;Tunisie
1009;El Ouardia - Monhomme;Tunisie
2042;Ettahrir - Cité El Ferdaous;Tunisie
2042;Ettahrir - Cité Essadik;Tunisie
2042;Ettahrir - Cité Ettahrir Sup.;Tunisie
2042;Ettahrir - Ettahrir 1;Tunisie
2042;Ettahrir - Ettahrir 2;Tunisie
2042;Ettahrir - Ettahrir 3;Tunisie
2089;La Goulette - Cité El Mechtel;Tunisie
2060;La Goulette - Cité Ennacim la Brise;Tunisie
2060;La Goulette - El Battah;Tunisie
2060;La Goulette - Kheireddine;Tunisie
2060;La Goulette - La Goulette;Tunisie
2060;La Goulette - La Goulette Nouvelle;Tunisie
1067;La Goulette - La Goulette Port;Tunisie
2078;La Marsa - Cité Afh;Tunisie
2046;La Marsa - Cité Aziza;Tunisie
2078;La Marsa - Cité Ben Chaabane;Tunisie
2046;La Marsa - Cité Bhar Lazreg;Tunisie
2076;La Marsa - Cité Borj El Kouki;Tunisie
2076;La Marsa - Cité de la Telediffusion 1;Tunisie
2076;La Marsa - Cité de la Telediffusion 2;Tunisie
2076;La Marsa - Cité des Juges 2;Tunisie
2076;La Marsa - Cité des Mimosas;Tunisie
2078;La Marsa - Cité des Vergers;Tunisie
2078;La Marsa - Cité du Stade;Tunisie
2078;La Marsa - Cité El Ahmadi;Tunisie
2076;La Marsa - Cité El Fateh;Tunisie
2078;La Marsa - Cité El Hana;Tunisie
2076;La Marsa - Cité El Khalil;Tunisie
2045;La Marsa - Cité El Mhiri;Tunisie
2078;La Marsa - Cité El Moez;Tunisie
2078;La Marsa - Cité El Moustakbel (la Marsa);Tunisie
2078;La Marsa - Cité El Moustakbel (sidi Daoud);Tunisie
2076;La Marsa - Cité El Ouns;Tunisie
2076;La Marsa - Cité Erriadh;Tunisie
2076;La Marsa - Cité Essalama;Tunisie
2076;La Marsa - Cité Essirene;Tunisie
2078;La Marsa - Cité Malhatli;Tunisie
2046;La Marsa - Cité Mongi Slim;Tunisie
2078;La Marsa - Cité Rimila 1;Tunisie
2078;La Marsa - Cité Rimila 2;Tunisie
2045;La Marsa - Cité Sprols;Tunisie
1057;La Marsa - Gammart;Tunisie
2076;La Marsa - Marsa Erriadh;Tunisie
2078;La Marsa - Marsa Safsaf;Tunisie
2046;La Marsa - Sidi Daoud;Tunisie
1008;La Medina - Bab Djedid;Tunisie
1008;La Medina - Bab Menara;Tunisie
1059;La Medina - El Hafsia;Tunisie
1000;La Medina - El Medina;Tunisie
1000;La Medina - El Sabaghine;Tunisie
1006;La Medina - El Taoufik;Tunisie
1008;La Medina - El Zraria;Tunisie
1008;La Medina - Sidi Ali Azouz;Tunisie
1000;La Medina - Sidi Boumendil;Tunisie
1006;La Medina - Souk el Nhas;Tunisie
1008;La Medina - Tourbet El Bey;Tunisie
2000;Le Bardo - Bouchoucha;Tunisie
2000;Le Bardo - Cité Alten;Tunisie
2017;Le Bardo - Cité des Enseignants;Tunisie
2000;Le Bardo - Cité du Stade;Tunisie
2017;Le Bardo - Cité Star;Tunisie
2017;Le Bardo - Khaznadar;Tunisie
2009;Le Bardo - Ksar Said;Tunisie
2000;Le Bardo - Le Bardo;Tunisie
2015;Le Kram - Erriadh;Tunisie
2015;Le Kram - Le Kram;Tunisie
2015;Le Kram - Le Kram Est;Tunisie
2089;Le Kram - Le Kram Ouest;Tunisie
2089;Le Kram - Sidi Amor;Tunisie
1089;Sidi El Béchir - Bab Alioua;Tunisie
1027;Sidi El Béchir - Bab El Falla;Tunisie
1089;Sidi El Béchir - El Gourjani;Tunisie
1089;Sidi El Béchir - Essaida Mannoubia;Tunisie
1008;Sidi El Béchir - Maakel Ezzam;Tunisie
1089;Sidi El Béchir - Monfleury;Tunisie
1089;Sidi El Béchir - Saida Manoubia;Tunisie
1089;Sidi El Béchir - Sidi El Bechir;Tunisie
1089;Sidi El Béchir - Sidi Mansour;Tunisie
1095;Sidi Hassine - Borj Chakir;Tunisie
1095;Sidi Hassine - Cité 25 Juillet;Tunisie
1095;Sidi Hassine - Cité 7 Novembre;Tunisie
1095;Sidi Hassine - Cité El Bettoumi;Tunisie
1095;Sidi Hassine - Cité El Gaafouri;Tunisie
1095;Sidi Hassine - Cité El Mestiri;Tunisie
1095;Sidi Hassine - Cité Mohamed Ali;Tunisie
1095;Sidi Hassine - Cité Mrad 1;Tunisie
1095;Sidi Hassine - Cité Mrad 2;Tunisie
1095;Sidi Hassine - Jayara;Tunisie
1095;Sidi Hassine - Sidi Hassine;Tunisie
1007;Sijoumi - El Mellassine;Tunisie
1123;Bir Mchergua - Ain El Asker;Tunisie
1141;Bir Mchergua - Bir Mcherga;Tunisie
1193;Bir Mchergua - Bir Mcherga Gare;Tunisie
1141;Bir Mchergua - Boucha;Tunisie
1141;Bir Mchergua - Delaiel El Arouss;Tunisie
1111;Bir Mchergua - Jebel El Oust;Tunisie
1141;Bir Mchergua - Ouled Helel;Tunisie
1131;Bir Mchergua - Sminja;Tunisie
1162;El Fahs - Bent Saidane;Tunisie
1140;El Fahs - Bir Moukra;Tunisie
1140;El Fahs - Borj Abdeljalil;Tunisie
1140;El Fahs - Bou Garnine;Tunisie
1140;El Fahs - Chenanfa;Tunisie
1140;El Fahs - Cité 20 Mars;Tunisie
1140;El Fahs - Cité Bou Hmida;Tunisie
1140;El Fahs - Cité des Enseignants;Tunisie
1140;El Fahs - Cité El Amel;Tunisie
1140;El Fahs - Cité Ennasr;Tunisie
1140;El Fahs - Cité Ennisma;Tunisie
1140;El Fahs - Cité Erriadh;Tunisie
1140;El Fahs - Cité Essaada 1;Tunisie
1140;El Fahs - Cité Essaada 2;Tunisie
1140;El Fahs - Cité Essalem;Tunisie
1140;El Fahs - Cité Industrille;Tunisie
1140;El Fahs - Cité Snit Nouvelle;Tunisie
1194;El Fahs - Dhraa Ben Jouder;Tunisie
1140;El Fahs - El Amaiem;Tunisie
1140;El Fahs - El Fahs;Tunisie
1140;El Fahs - El Knaziz;Tunisie
1140;El Fahs - Gherifat;Tunisie
1140;El Fahs - Glib Jemal;Tunisie
1140;El Fahs - Henchir Brouta;Tunisie
1140;El Fahs - Henchir Dhomda;Tunisie
1140;El Fahs - Jabbes;Tunisie
1140;El Fahs - Jebel Mansour;Tunisie
1140;El Fahs - Jougar;Tunisie
1140;El Fahs - Kef Ezzroug;Tunisie
1140;El Fahs - Khemayssia;Tunisie
1140;El Fahs - Koudouat Chair;Tunisie
1140;El Fahs - Oued El Khadhra;Tunisie
1140;El Fahs - Oum El Abouab;Tunisie
1140;El Fahs - Rehahla;Tunisie
1140;El Fahs - Sed Oued El Kebir;Tunisie
1140;El Fahs - Sidi Amara;Tunisie
1146;El Fahs - Sidi Aouidette;Tunisie
1140;El Fahs - Sidi Naoui;Tunisie
1140;El Fahs - Tebika;Tunisie
1140;El Fahs - Tlil Essalhi;Tunisie
1154;En-Nadhour - Ain El Battoum;Tunisie
1160;En-Nadhour - Ben Halaoua;Tunisie
1163;En-Nadhour - Bir Chaouch;Tunisie
1154;En-Nadhour - Bou Araara;Tunisie
1160;En-Nadhour - Chaalil Nord;Tunisie
1160;En-Nadhour - Chaalil Sud;Tunisie
1163;En-Nadhour - Chebaana;Tunisie
1160;En-Nadhour - Dhorbania;Tunisie
1154;En-Nadhour - El Hnainia;Tunisie
1160;En-Nadhour - Ennadhour;Tunisie
1154;En-Nadhour - Erragba;Tunisie
1163;En-Nadhour - Kef Agueb;Tunisie
1163;En-Nadhour - Meidher;Tunisie
1163;En-Nadhour - Mrigueb;Tunisie
1154;En-Nadhour - Ouled Jaballah;Tunisie
1160;En-Nadhour - Sidi Bannour;Tunisie
1160;En-Nadhour - Sidi Naji;Tunisie
1160;En-Nadhour - Souar;Tunisie
1154;En-Nadhour - Soughas Nord;Tunisie
1154;En-Nadhour - Soughas Sud;Tunisie
1160;En-Nadhour - Zbidine;Tunisie
1160;En-Nadhour - Zouaghan;Tunisie
1122;Ez-Zeriba - Ain Batria;Tunisie
1122;Ez-Zeriba - Bou Achir;Tunisie
1152;Ez-Zeriba - Cité du Lycee;Tunisie
1152;Ez-Zeriba - Cité El Houda;Tunisie
1152;Ez-Zeriba - Hammam Zriba;Tunisie
1112;Ez-Zeriba - Jeradou;Tunisie
1122;Ez-Zeriba - Oued El Kenz;Tunisie
1122;Ez-Zeriba - Zriba;Tunisie
1115;Saouaf - Charchara;Tunisie
1115;Saouaf - Dghafla;Tunisie
1115;Saouaf - Douar El Haj Amor;Tunisie
1115;Saouaf - El Hmira Sud;Tunisie
1115;Saouaf - El Khadhra;Tunisie
1115;Saouaf - Halg Ennab;Tunisie
1115;Saouaf - Henchir El Hamira;Tunisie
1115;Saouaf - Oued Touil;Tunisie
1115;Saouaf - Saouef;Tunisie
1115;Saouaf - Sidi Dghim;Tunisie
1115;Saouaf - Sidi Farjallah;Tunisie
1115;Saouaf - Sidi Mansour;Tunisie
1115;Saouaf - Zagtoun;Tunisie
1115;Saouaf - Zeguidane;Tunisie
1100;Zaghouan - Ain Essaboune;Tunisie
1100;Zaghouan - Ain Lansarine;Tunisie
1100;Zaghouan - Ain Ledhieb;Tunisie
1100;Zaghouan - Ain Safsaf;Tunisie
1155;Zaghouan - Bir Halima;Tunisie
1100;Zaghouan - Bni Darraj;Tunisie
1100;Zaghouan - Bni Mar;Tunisie
1132;Zaghouan - Bou Slim;Tunisie
1100;Zaghouan - Cité 20 Mars;Tunisie
1100;Zaghouan - Cité Administrative;Tunisie
1100;Zaghouan - Cité Bourguiba;Tunisie
1100;Zaghouan - Cité de la Municipalite;Tunisie
1100;Zaghouan - Cité de la Sonede;Tunisie
1100;Zaghouan - Cité des Nymphes;Tunisie
1100;Zaghouan - Cité du Lycee;Tunisie
1100;Zaghouan - Cité El Bassatine;Tunisie
1100;Zaghouan - Cité El Menzah;Tunisie
1100;Zaghouan - Cité Ennouzha;Tunisie
1100;Zaghouan - Cité Equipement;Tunisie
1100;Zaghouan - Cité Ezzouhour;Tunisie
1100;Zaghouan - Cité Industrielle 1;Tunisie
1100;Zaghouan - Cité Industrielle 2;Tunisie
1100;Zaghouan - Cité Nesrine;Tunisie
1121;Zaghouan - El Magren;Tunisie
1100;Zaghouan - El Mhedhba;Tunisie
1132;Zaghouan - Hammam Jedidi;Tunisie
1100;Zaghouan - Hemiane;Tunisie
1100;Zaghouan - Jimla;Tunisie
1100;Zaghouan - Kantra El Kahla;Tunisie
1100;Zaghouan - Merkez Ali Besseghaier;Tunisie
1100;Zaghouan - Mhiris;Tunisie
1132;Zaghouan - Oued Ezzit;Tunisie
1100;Zaghouan - Oued Sbaihia;Tunisie
1155;Zaghouan - Sidi Mediene;Tunisie
1100;Zaghouan - Sidi Mraieh;Tunisie
1100;Zaghouan - Zaghouan;Tunisie
2043;Ben Arous - Ben Arous Sud;Tunisie
2097;Bou Mhel El Bassatine - Cité Ben Gamra;Tunisie
2097;Bou Mhel El Bassatine - Cité Ben Joud;Tunisie
2097;Bou Mhel El Bassatine - Cité Bou Mhel;Tunisie
2097;Bou Mhel El Bassatine - Cité Boutouria;Tunisie
2097;Bou Mhel El Bassatine - Cité Chebil;Tunisie
2097;Bou Mhel El Bassatine - Cité de l'interieur;Tunisie
2097;Bou Mhel El Bassatine - Cité des Juges;Tunisie
2097;Bou Mhel El Bassatine - Cité Diar Tounes;Tunisie
2097;Bou Mhel El Bassatine - Cité El Ahmadi;Tunisie
2097;Bou Mhel El Bassatine - Cité El Amen;Tunisie
2097;Bou Mhel El Bassatine - Cité El Assil;Tunisie
2097;Bou Mhel El Bassatine - Cité El Bassatine Ancien;Tunisie
2097;Bou Mhel El Bassatine - Cité El Ferchichi;Tunisie
2097;Bou Mhel El Bassatine - Cité El Iklil;Tunisie
2097;Bou Mhel El Bassatine - Cité El Kenani;Tunisie
2097;Bou Mhel El Bassatine - Cité El Khalij;Tunisie
2097;Bou Mhel El Bassatine - Cité El Khalledi;Tunisie
2097;Bou Mhel El Bassatine - Cité El Mahrajene 1;Tunisie
2097;Bou Mhel El Bassatine - Cité El Mahrajene 2;Tunisie
2097;Bou Mhel El Bassatine - Cité El Mouna;Tunisie
2097;Bou Mhel El Bassatine - Cité El Wafa;Tunisie
2097;Bou Mhel El Bassatine - Cité Ennacim 1;Tunisie
2097;Bou Mhel El Bassatine - Cité Ennacim 2;Tunisie
2097;Bou Mhel El Bassatine - Cité Essafa;Tunisie
2097;Bou Mhel El Bassatine - Cité Essalem;Tunisie
2097;Bou Mhel El Bassatine - Cité Hadrich;Tunisie
2097;Bou Mhel El Bassatine - Cité Jlassi;Tunisie
2097;Bou Mhel El Bassatine - Cité Mezriou;Tunisie
2097;Bou Mhel El Bassatine - Cité Plein Air;Tunisie
2097;Bou Mhel El Bassatine - Cité Rabiaa;Tunisie
2097;Bou Mhel El Bassatine - Cité Snit;Tunisie
2097;Bou Mhel El Bassatine - Cité Sprols;Tunisie
2097;Bou Mhel El Bassatine - Résidence du Mediterrane;Tunisie
2097;Bou Mhel El Bassatine - Résidence El Imara;Tunisie
2097;Bou Mhel El Bassatine - Résidence Ennacim;Tunisie
2097;Bou Mhel El Bassatine - Résidence Ezzouhour;Tunisie
2097;Bou Mhel El Bassatine - Résidence Sarra;Tunisie
2097;Bou Mhel El Bassatine - Résidence Sirine;Tunisie
2074;El Mourouj - Cité Alyssa 1;Tunisie
2074;El Mourouj - Cité Alyssa 2;Tunisie
2074;El Mourouj - Cité Azza 1;Tunisie
2074;El Mourouj - Cité Azza 2;Tunisie
2074;El Mourouj - Cité Commerciale Abou Sofiane;Tunisie
2074;El Mourouj - Cité Commerciale Boukhriss;Tunisie
2074;El Mourouj - Cité des Oasis;Tunisie
2074;El Mourouj - Cité El Bassatine;Tunisie
2074;El Mourouj - Cité El Bochra;Tunisie
2074;El Mourouj - Cité El Faouz;Tunisie
2074;El Mourouj - Cité El Foll;Tunisie
2074;El Mourouj - Cité El Mourouj 3 Bis;Tunisie
2074;El Mourouj - Cité El Wifak;Tunisie
2074;El Mourouj - Cité Ennakhil;Tunisie
2074;El Mourouj - Cité Ennarjes 1;Tunisie
2074;El Mourouj - Cité Ennarjes 2;Tunisie
2074;El Mourouj - Cité Ennasr 1;Tunisie
2074;El Mourouj - Cité Ennasr 2;Tunisie
2074;El Mourouj - Cité Errachid 1;Tunisie
2074;El Mourouj - Cité Errachid 2;Tunisie
2074;El Mourouj - Cité Erraoudha;Tunisie
2074;El Mourouj - Cité Erriadh;Tunisie
2074;El Mourouj - Cité Erriadh 2;Tunisie
2074;El Mourouj - Cité Essalem;Tunisie
2074;El Mourouj - Cité Ibn Jazzar 2;Tunisie
2074;El Mourouj - Cité Ibn Mandhour;Tunisie
2074;El Mourouj - Cité Jardins;Tunisie
2074;El Mourouj - Cité Moncef Bey;Tunisie
2074;El Mourouj - Cité Taher Haddad;Tunisie
2074;El Mourouj - Cité Yargoula;Tunisie
2074;El Mourouj - El Alia 1;Tunisie
2074;El Mourouj - El Alia 2;Tunisie
2074;El Mourouj - El Alia 3;Tunisie
2074;El Mourouj - El Mourouj;Tunisie
2074;El Mourouj - La Belle Residence;Tunisie
2074;El Mourouj - Résidence Chebbi;Tunisie
2074;El Mourouj - Résidence Chourouk 1;Tunisie
2074;El Mourouj - Résidence Chourouk 2;Tunisie
2074;El Mourouj - Résidence Chourouk 3;Tunisie
2074;El Mourouj - Résidence de la Verdure;Tunisie
2074;El Mourouj - Résidence de l'horizon;Tunisie
2074;El Mourouj - Résidence du Printemps;Tunisie
2074;El Mourouj - Résidence El Foll;Tunisie
2074;El Mourouj - Résidence El Khalil;Tunisie
2074;El Mourouj - Résidence El Mourjene;Tunisie
2074;El Mourouj - Résidence El Ouard;Tunisie
2074;El Mourouj - Résidence El Wafa;Tunisie
2074;El Mourouj - Résidence Ennacim;Tunisie
2074;El Mourouj - Résidence Ennaoures;Tunisie
2074;El Mourouj - Résidence Ennesrine;Tunisie
2074;El Mourouj - Résidence Erraboua;Tunisie
2074;El Mourouj - Résidence Essaad;Tunisie
2074;El Mourouj - Résidence Essaada;Tunisie
2074;El Mourouj - Résidence Essraya;Tunisie
2074;El Mourouj - Résidence Ibn Khaldoun;Tunisie
2074;El Mourouj - Résidence Ibn Zeidoun;Tunisie
2074;El Mourouj - Résidence Ines;Tunisie
2074;El Mourouj - Résidence Jinene El Mourouj;Tunisie
2074;El Mourouj - Résidence Meriem;Tunisie
2074;El Mourouj - Résidence Sidi Bou Said;Tunisie
2074;El Mourouj - Résidence Type;Tunisie
2074;El Mourouj - Résidence Zahret El Mourouj;Tunisie
2065;Ezzahra - Cité Ben Miled;Tunisie
2034;Ezzahra - Cité Borj Louzir;Tunisie
2034;Ezzahra - Cité du Port;Tunisie
2034;Ezzahra - Cité du Wagon;Tunisie
2034;Ezzahra - Cité El Ahlem;Tunisie
2034;Ezzahra - Cité El Akacia;Tunisie
2034;Ezzahra - Cité El Amen;Tunisie
2034;Ezzahra - Cité El Ezz;Tunisie
2065;Ezzahra - Cité El Habib;Tunisie
2065;Ezzahra - Cité El Houl;Tunisie
2034;Ezzahra - Cité El Oulija;Tunisie
2034;Ezzahra - Cité El Ouns;Tunisie
2065;Ezzahra - Cité El Ward;Tunisie
2065;Ezzahra - Cité El Yasmine;Tunisie
2034;Ezzahra - Cité Ennakhil 1;Tunisie
2034;Ezzahra - Cité Ennakhil 2;Tunisie
2065;Ezzahra - Cité Ennasr;Tunisie
2034;Ezzahra - Cité Errachid;Tunisie
2034;Ezzahra - Cité Erriadh;Tunisie
2034;Ezzahra - Cité Hedi Khfacha;Tunisie
2034;Ezzahra - Cité Imen;Tunisie
2034;Ezzahra - Cité Industrielle;Tunisie
2034;Ezzahra - Cité Mrad 1;Tunisie
2034;Ezzahra - Cité Mrad 2;Tunisie
2034;Ezzahra - Cité Panorama;Tunisie
2034;Ezzahra - Ezzahra;Tunisie
2065;Ezzahra - Ezzahra El Habib;Tunisie
1135;Fouchana - Chebedda;Tunisie
2082;Fouchana - Cité 20 Mars;Tunisie
2082;Fouchana - Cité Brim;Tunisie
2082;Fouchana - Cité Chebbi;Tunisie
2082;Fouchana - Cité El Amel;Tunisie
2082;Fouchana - Cité El Amel 2;Tunisie
2082;Fouchana - Cité El Banefsej;Tunisie
2082;Fouchana - Cité El Fateh;Tunisie
2082;Fouchana - Cité El Hana;Tunisie
2082;Fouchana - Cité El Hidhab;Tunisie
2082;Fouchana - Cité El Izdihar;Tunisie
2082;Fouchana - Cité El Misk;Tunisie
2082;Fouchana - Cité El Moustakbel;Tunisie
2082;Fouchana - Cité El Ward;Tunisie
2082;Fouchana - Cité El Wifak;Tunisie
2082;Fouchana - Cité Ennasr;Tunisie
2082;Fouchana - Cité Ennouzha;Tunisie
2082;Fouchana - Cité Erriadh;Tunisie
2082;Fouchana - Cité Ezzitoun 1;Tunisie
2082;Fouchana - Cité Khouaja;Tunisie
2082;Fouchana - Cité Snit;Tunisie
2082;Fouchana - Cité Trabelsi;Tunisie
1135;Fouchana - Douar El Houch;Tunisie
2082;Fouchana - El Menaychia;Tunisie
2082;Fouchana - Fouchana;Tunisie
2082;Fouchana - Meghira Centre;Tunisie
2082;Fouchana - Meghira Inzel;Tunisie
1135;Fouchana - Naassen;Tunisie
2082;Fouchana - Z.I. El Meghira;Tunisie
2084;Hammam Chatt - Borj Cedria;Tunisie
1164;Hammam Chatt - Hammam Chatt;Tunisie
2050;Hammam Lif - Cité 7 Novembre;Tunisie
2093;Hammam Lif - Cité Bou Kornine 2;Tunisie
2099;Hammam Lif - Cité Boussouffara;Tunisie
2050;Hammam Lif - Cité Casino;Tunisie
2050;Hammam Lif - Cité Dar El Bey;Tunisie
2050;Hammam Lif - Cité de la Municipalite;Tunisie
2050;Hammam Lif - Cité des Instituteurs;Tunisie
2050;Hammam Lif - Cité des Ouvriers;Tunisie
2050;Hammam Lif - Cité Ennahdha;Tunisie
2050;Hammam Lif - Cité Ennasr;Tunisie
2050;Hammam Lif - Cité Ennouzha;Tunisie
2050;Hammam Lif - Cité Essanaoubria;Tunisie
2050;Hammam Lif - Cité Hached;Tunisie
2050;Hammam Lif - Cité Kortoba;Tunisie
2050;Hammam Lif - Cité Mongi Slim;Tunisie
2050;Hammam Lif - Cité Office Cereale;Tunisie
2050;Hammam Lif - Cité Thermale;Tunisie
2050;Hammam Lif - Hammam Lif;Tunisie
2063;La Nouvelle Medina - Nouvelle Medina;Tunisie
2033;Megrine - Megrine;Tunisie
2024;Megrine - Megrine Chaker;Tunisie
2033;Megrine - Megrine Coteau;Tunisie
2024;Megrine - Megrine Jaouhara;Tunisie
2014;Megrine - Megrine Riadh;Tunisie
2033;Megrine - Megrine Superieur;Tunisie
2014;Megrine - Saint Gobin;Tunisie
2033;Megrine - Sidi Rezig;Tunisie
2014;Megrine - Z.I. Saint Gobin;Tunisie
1145;Mohammedia - Cité Bourbai;Tunisie
1145;Mohammedia - Cité Cebbalet Chikh;Tunisie
1145;Mohammedia - Cité Chaabane;Tunisie
1145;Mohammedia - Cité Chebbi;Tunisie
1145;Mohammedia - Cité de la Carriere 1;Tunisie
1145;Mohammedia - Cité de la Carriere 2;Tunisie
1145;Mohammedia - Cité du Lycee;Tunisie
1145;Mohammedia - Cité El Amen;Tunisie
1145;Mohammedia - Cité El Atiq;Tunisie
1145;Mohammedia - Cité El Baccouch;Tunisie
1145;Mohammedia - Cité El Bassatine;Tunisie
1145;Mohammedia - Cité El Elmi 1;Tunisie
1145;Mohammedia - Cité El Elmi 2;Tunisie
1145;Mohammedia - Cité El Haddad;Tunisie
1145;Mohammedia - Cité El Hana;Tunisie
1145;Mohammedia - Cité El Ksar;Tunisie
1145;Mohammedia - Cité Ellouata;Tunisie
1145;Mohammedia - Cité El Omri 1;Tunisie
1145;Mohammedia - Cité El Omri 2;Tunisie
1145;Mohammedia - Cité Ennacim 1;Tunisie
1145;Mohammedia - Cité Ennacim 2;Tunisie
1145;Mohammedia - Cité Ennasr;Tunisie
1145;Mohammedia - Cité Ennouzha;Tunisie
1145;Mohammedia - Cité Erriadh;Tunisie
1145;Mohammedia - Cité Essaada 1;Tunisie
1145;Mohammedia - Cité Essaada 2;Tunisie
1145;Mohammedia - Cité Essaada 3;Tunisie
1145;Mohammedia - Cité Essalem;Tunisie
1145;Mohammedia - Cité Ettayari;Tunisie
1145;Mohammedia - Cité Ettouahria;Tunisie
1145;Mohammedia - Cité Ezzitoun 2;Tunisie
1145;Mohammedia - Cité Fattouma Bourguiba;Tunisie
1145;Mohammedia - Cité Hached 1;Tunisie
1145;Mohammedia - Cité Hached 2;Tunisie
1145;Mohammedia - Cité Jaouhara;Tunisie
1145;Mohammedia - Cité Jardins;Tunisie
1145;Mohammedia - Cité Mongi Slim 1;Tunisie
1145;Mohammedia - Cité Mongi Slim 2;Tunisie
1145;Mohammedia - Cité Oudhna;Tunisie
1145;Mohammedia - Cité Taieb Mhiri;Tunisie
1145;Mohammedia - Cité Tnich;Tunisie
1145;Mohammedia - Immeubles de l'interieur;Tunisie
1145;Mohammedia - Mohamadia;Tunisie
1145;Mohammedia - Résidence El Ferdaous;Tunisie
1145;Mohammedia - Résidence El Moustakbel;Tunisie
1145;Mohammedia - Résidence El Ouns;Tunisie
1145;Mohammedia - Résidence Ettaoufik;Tunisie
2054;Mornag - Ain Regad;Tunisie
2054;Mornag - Barrouta;Tunisie
2090;Mornag - Ben Nouiji;Tunisie
2054;Mornag - Bir Jedid;Tunisie
2090;Mornag - Borj Essoufi;Tunisie
2090;Mornag - Bou Jerdga;Tunisie
2090;Mornag - Chala;Tunisie
2090;Mornag - Chamine;Tunisie
2064;Mornag - Cité Air Nouvelle;Tunisie
2090;Mornag - Cité Ennasr;Tunisie
2064;Mornag - Cité Ettayarane;Tunisie
2090;Mornag - Douar la Porte;Tunisie
2090;Mornag - Douar Salem;Tunisie
2064;Mornag - El Abebsa;Tunisie
2090;Mornag - El Alelgua;Tunisie
2090;Mornag - El Araba;Tunisie
2064;Mornag - El Fendria;Tunisie
2054;Mornag - El Gounna;Tunisie
2090;Mornag - El Haouamed;Tunisie
2064;Mornag - El Kabouti;Tunisie
2090;Mornag - El Ksibi;Tunisie
2044;Mornag - Errissala;Tunisie
2090;Mornag - Ettiayra;Tunisie
2090;Mornag - Ferme Marquee;Tunisie
2090;Mornag - Henchir Bouchta;Tunisie
2090;Mornag - Henchir El Ghobar;Tunisie
2054;Mornag - Henchir Kharrouba;Tunisie
2090;Mornag - Henchir Khelil;Tunisie
2090;Mornag - Huilerie Bayrem;Tunisie
2064;Mornag - Jebel Ersass;Tunisie
2064;Mornag - Jourjou;Tunisie
2054;Mornag - Khelidia;Tunisie
2054;Mornag - Kouenjel;Tunisie
2064;Mornag - Mirghna;Tunisie
2090;Mornag - Mornag;Tunisie
2090;Mornag - Ouzra;Tunisie
2054;Mornag - Sidi Messaoud;Tunisie
2054;Mornag - Sidi Othman Landari;Tunisie
2090;Mornag - Sidi Saad;Tunisie
2064;Mornag - Sidi Salem El Garci;Tunisie
2054;Mornag - Sondage;Tunisie
2090;Mornag - Tarhouna 1;Tunisie
2090;Mornag - Tarhouna 2;Tunisie
2090;Mornag - Zaouit Mornag;Tunisie
1125;Radès - Cité 20 Mars;Tunisie
2098;Radès - Cité El Ezz;Tunisie
1125;Radès - Cité Ennour;Tunisie
2040;Radès - Cité Mohamed Ali;Tunisie
2098;Radès - Cité Nouvelle;Tunisie
2040;Radès - Cité Rades 2;Tunisie
2040;Radès - Cité Sfaxi;Tunisie
2040;Radès - Cité Sncft;Tunisie
2018;Radès - Cité Snit;Tunisie
2040;Radès - Cité Taieb Mhiri 1;Tunisie
2040;Radès - Cité Taieb Mhiri 2;Tunisie
2040;Radès - Cité Taieb Mhiri 3;Tunisie
2018;Radès - Decouppage Haj Aleya;Tunisie
2040;Radès - Rades;Tunisie
2018;Radès - Rades 7 Novembre;Tunisie
2098;Radès - Rades El Mrah;Tunisie
2098;Radès - Rades Foret;Tunisie
2098;Radès - Rades Medina;Tunisie
2098;Radès - Rades Meliane;Tunisie
2098;Radès - Rades Mongil;Tunisie
2040;Radès - Rades Plage;Tunisie
1125;Radès - Rades Saline;Tunisie
2018;Radès - Village Mediterranee;Tunisie
2018;Radès - Ville Sportive;Tunisie
1125;Radès - Z.I. 1;Tunisie
1125;Radès - Z.I. 2;Tunisie
1125;Radès - Zone Petroliere;Tunisie
7061;Bizerte Nord - Bizerte Bab Mateur;Tunisie
7053;Bizerte Nord - Bizerte Bougatfa;Tunisie
7053;Bizerte Nord - Cité Afh;Tunisie
7000;Bizerte Nord - Cité Ain Mariem;Tunisie
7053;Bizerte Nord - Cité Ain Meriem;Tunisie
7000;Bizerte Nord - Cité Belvedere;Tunisie
7001;Bizerte Nord - Cité Bougatfa;Tunisie
7053;Bizerte Nord - Cité Bougatfa 2;Tunisie
7003;Bizerte Nord - Cité Chourouk Sidi Salem;Tunisie
7001;Bizerte Nord - Cité de la Municipalite;Tunisie
7053;Bizerte Nord - Cité de la Police;Tunisie
7003;Bizerte Nord - Cité de la Sante;Tunisie
7003;Bizerte Nord - Cité de Paris;Tunisie
7003;Bizerte Nord - Cité El Hana;Tunisie
7053;Bizerte Nord - Cité El Korniche 1;Tunisie
7053;Bizerte Nord - Cité El Korniche 2;Tunisie
7053;Bizerte Nord - Cité El Korniche 3;Tunisie
7053;Bizerte Nord - Cité El Morjene 3;Tunisie
7053;Bizerte Nord - Cité El Morjene 4;Tunisie
7003;Bizerte Nord - Cité Ennacim;Tunisie
7003;Bizerte Nord - Cité Erraouabi;Tunisie
7001;Bizerte Nord - Cité Erriadh;Tunisie
7001;Bizerte Nord - Cité Hassen Nouri;Tunisie
7002;Bizerte Nord - Cité Militaire;Tunisie
7001;Bizerte Nord - Cité Nouvelle Plage;Tunisie
7053;Bizerte Nord - Cité Rafaha 1;Tunisie
7053;Bizerte Nord - Cité Rafaha 2;Tunisie
7029;Bizerte Nord - Ennadhour;Tunisie
7029;Bizerte Nord - Fejjet Errih;Tunisie
7029;Bizerte Nord - Ksar Lahmar;Tunisie
7001;Bizerte Nord - Ksiba;Tunisie
7029;Bizerte Nord - Marnissa;Tunisie
7003;Bizerte Nord - Oued El Marj;Tunisie
7029;Bizerte Nord - Sidi Ahmed;Tunisie
7029;Bizerte Sud - Ain Jenane;Tunisie
7071;Bizerte Sud - Bizerte Hached;Tunisie
7094;Bizerte Sud - Borj Challouf;Tunisie
7064;Bizerte Sud - Bou Zaria;Tunisie
7011;Bizerte Sud - Cité El Mourouj;Tunisie
7011;Bizerte Sud - Cité Militaire;Tunisie
7029;Bizerte Sud - El Mrazig;Tunisie
7011;Bizerte Sud - La Pecherie;Tunisie
7041;Bizerte Sud - Louata;Tunisie
7027;Bizerte Sud - Methline;Tunisie
7036;Bizerte Sud - Teskraya;Tunisie
7020;Joumine - Joumine;Tunisie
7020;Joumine - Sayah;Tunisie
7020;Joumine - Smadah;Tunisie
7016;El Alia - El Alia;Tunisie
7016;El Alia - El Hariza;Tunisie
7081;El Alia - Ezzitoune;Tunisie
7016;El Alia - Impasse Ezzouhour;Tunisie
7081;El Alia - Khetmine;Tunisie
7093;El Alia - Sidi Ali Chebab;Tunisie
7014;Ghar El Meleh - Cité 7 Novembre;Tunisie
7014;Ghar El Meleh - Cité 9 Avril;Tunisie
7014;Ghar El Meleh - Cité El Amen;Tunisie
7014;Ghar El Meleh - Cité El Mourouj;Tunisie
7014;Ghar El Meleh - Cité Khaled Ibn El Walid;Tunisie
7014;Ghar El Meleh - Cité Nouvelle;Tunisie
7014;Ghar El Meleh - El Aousja;Tunisie
7033;Ghar El Meleh - Ghar El Melh;Tunisie
7024;Ghar El Meleh - Touibia;Tunisie
7024;Ghar El Meleh - Zouaouine;Tunisie
7040;Ghezala - Beni Brahim;Tunisie
7040;Ghezala - Bou Jrir;Tunisie
7040;Ghezala - Cité Afh;Tunisie
7040;Ghezala - Cité Borj Deheb;Tunisie
7040;Ghezala - Cité Rurale;Tunisie
7040;Ghezala - Cité Snit;Tunisie
7040;Ghezala - El Atiba;Tunisie
7040;Ghezala - El Garia;Tunisie
7040;Ghezala - El Jafna;Tunisie
7040;Ghezala - Ghezala;Tunisie
7040;Ghezala - Henchir Ettouila;Tunisie
7040;Ghezala - Laouilia;Tunisie
7040;Ghezala - Oued Ezzitoun;Tunisie
7040;Ghezala - Ouled El May;Tunisie
7030;Mateur - Cité de la Fraternite;Tunisie
7030;Mateur - Cité de la Gare;Tunisie
7030;Mateur - Cité El Manar;Tunisie
7030;Mateur - Cité El Omrane 1;Tunisie
7030;Mateur - Cité El Omrane 2;Tunisie
7030;Mateur - Cité El Omrane 3;Tunisie
7030;Mateur - Cité El Omrane 4;Tunisie
7030;Mateur - Cité Ennahdha;Tunisie
7030;Mateur - Cité Ennasr;Tunisie
7030;Mateur - Cité Erraja 1;Tunisie
7030;Mateur - Cité Erraja 2;Tunisie
7030;Mateur - Cité Erraja 3;Tunisie
7030;Mateur - Cité Essadaka;Tunisie
7030;Mateur - Cité Ezzouhour;Tunisie
7022;Mateur - Cité Hached;Tunisie
7030;Mateur - Cité Khemouma;Tunisie
7030;Mateur - Cité Montazah;Tunisie
7030;Mateur - Cité Snit;Tunisie
7030;Mateur - Cité Zarrouk;Tunisie
7030;Mateur - El Aouana;Tunisie
7022;Mateur - Ettaref;Tunisie
7050;Mateur - Henchir El Berna;Tunisie
7022;Mateur - Henchir El Kahla;Tunisie
7022;Mateur - Jabouz;Tunisie
7030;Mateur - Jebel Ichkeul;Tunisie
7030;Mateur - Mateur;Tunisie
7022;Mateur - Mateur Hached;Tunisie
7022;Mateur - Oum Jenna;Tunisie
7030;Mateur - Sidi Mansour;Tunisie
7030;Mateur - Sidi Nsir;Tunisie
7022;Mateur - Sidi Salem;Tunisie
7030;Mateur - Souidia;Tunisie
7030;Mateur - Tehent;Tunisie
7050;Menzel Bourguiba - Cité de la Douane;Tunisie
7050;Menzel Bourguiba - Cité la Ruche;Tunisie
7050;Menzel Bourguiba - Cité Nouvelle;Tunisie
7050;Menzel Bourguiba - Cité Sidi Yahya;Tunisie
7042;Menzel Bourguiba - Jouaouda;Tunisie
7050;Menzel Bourguiba - Menzel Bourguiba;Tunisie
7072;Menzel Bourguiba - Menzel Bourguiba Ennajah;Tunisie
7035;Menzel Djemil - Cité Bir Hmem;Tunisie
7080;Menzel Djemil - Cité Bir Remel;Tunisie
7035;Menzel Djemil - Cité Chamelle;Tunisie
7026;Menzel Djemil - Cité des Oranges;Tunisie
7035;Menzel Djemil - Cité Driss Ben Frej;Tunisie
7080;Menzel Djemil - Cité El Ahlem;Tunisie
7080;Menzel Djemil - Cité El Baali;Tunisie
7080;Menzel Djemil - Cité El Batan;Tunisie
7026;Menzel Djemil - Cité El Habib (el Azib);Tunisie
7080;Menzel Djemil - Cité El Habib (menzel Jemil);Tunisie
7080;Menzel Djemil - Cité El Haddadia;Tunisie
7080;Menzel Djemil - Cité El Hbess;Tunisie
7035;Menzel Djemil - Cité El Makarem;Tunisie
7080;Menzel Djemil - Cité Ennouzha;Tunisie
7080;Menzel Djemil - Cité Ettaffala;Tunisie
7035;Menzel Djemil - Cité Ettahrir;Tunisie
7035;Menzel Djemil - Cité Ettakaddoum;Tunisie
7080;Menzel Djemil - Cité Habib Arifa;Tunisie
7035;Menzel Djemil - Cité Independance;Tunisie
7080;Menzel Djemil - Cité Nouvelle;Tunisie
7026;Menzel Djemil - Cité Rurale 1;Tunisie
7026;Menzel Djemil - Cité Rurale 2;Tunisie
7035;Menzel Djemil - El Ain El Kebira;Tunisie
7026;Menzel Djemil - El Azib;Tunisie
7026;Menzel Djemil - Henchir El Moukaouimine;Tunisie
7026;Menzel Djemil - Maghraoua;Tunisie
7035;Menzel Djemil - Menzel Abderrahman;Tunisie
7080;Menzel Djemil - Menzel Jemil;Tunisie
7034;Ras Djebel - Cap Zbib;Tunisie
7070;Ras Djebel - Cité Ain Charchara;Tunisie
7070;Ras Djebel - Cité Bir Ezzaarour;Tunisie
7015;Ras Djebel - Cité El Amel;Tunisie
7070;Ras Djebel - Cité El Benzarti;Tunisie
7070;Ras Djebel - Cité Ezzayatine;Tunisie
7070;Ras Djebel - Cité Kaa El Ballout;Tunisie
7015;Ras Djebel - Cité Taieb Mhiri;Tunisie
7098;Ras Djebel - El Garia Ras Jebal;Tunisie
7034;Ras Djebel - Metline;Tunisie
7015;Ras Djebel - Rafraf;Tunisie
7045;Ras Djebel - Rafraf Plage;Tunisie
7070;Ras Djebel - Ras Jebel;Tunisie
7025;Ras Djebel - Sounine;Tunisie
7010;Sejnane - Cité Aouassia;Tunisie
7010;Sejnane - Cité Commerciale;Tunisie
7010;Sejnane - Cité des Mines;Tunisie
7010;Sejnane - Cité des Ouvriers;Tunisie
7010;Sejnane - Cité du Projet;Tunisie
7010;Sejnane - Cité El Bassatine;Tunisie
7010;Sejnane - Cité El Ghabette;Tunisie
7010;Sejnane - Cité El Mouasker;Tunisie
7010;Sejnane - Cité Essaada;Tunisie
7010;Sejnane - Cité Ezzouhour;Tunisie
7010;Sejnane - Cité Ezzouhour 2;Tunisie
7010;Sejnane - Cité Ibn Khaldoun;Tunisie
7010;Sejnane - Cité Khaled Ibn El Walid;Tunisie
7010;Sejnane - Cité Mougaad;Tunisie
7010;Sejnane - Cité Sidi Mansour;Tunisie
7010;Sejnane - Cité Taieb Mhiri;Tunisie
7010;Sejnane - Dhouahria;Tunisie
7010;Sejnane - El Abebsa;Tunisie
7097;Sejnane - El Guetma;Tunisie
7010;Sejnane - El Hania;Tunisie
7010;Sejnane - El Mrifeg;Tunisie
7010;Sejnane - Essmayria;Tunisie
7010;Sejnane - Haddada;Tunisie
7010;Sejnane - Sejnane;Tunisie
7010;Sejnane - Sidi Machreg;Tunisie
7031;Sejnane - Tamra;Tunisie
7010;Sejnane - Touajnia;Tunisie
7032;Tinja - Cité de le Liberte;Tunisie
7032;Tinja - Cité Douar Chatt;Tunisie
7032;Tinja - Cité El Fateh;Tunisie
7032;Tinja - Cité El Fouladh;Tunisie
7032;Tinja - Cité El Khadhraoui;Tunisie
7032;Tinja - Cité Ikbal;Tunisie
7032;Tinja - Cité Sidi Rezig;Tunisie
7032;Tinja - Cité Sprols;Tunisie
7032;Tinja - Cité Zghaba;Tunisie
7032;Tinja - Kharrata;Tunisie
7032;Tinja - Tinja;Tunisie
7013;Utique - Ain Smara;Tunisie
7043;Utique - Bach Hamba;Tunisie
7060;Utique - Cité Bourguiba;Tunisie
7060;Utique - Cité Chateau D Eau;Tunisie
7060;Utique - Cité de la Laiterie;Tunisie
7060;Utique - Cité de la Poste;Tunisie
7060;Utique - Cité Ejjamaa;Tunisie
7060;Utique - Cité Ezzayatine;Tunisie
7060;Utique - Cité Houmet Souk;Tunisie
7023;Utique - Degma;Tunisie
7013;Utique - El Besbassia;Tunisie
7013;Utique - El Bhalil Chargui;Tunisie
7013;Utique - El Brij;Tunisie
7013;Utique - El Fejja;Tunisie
7023;Utique - El Mabtouh;Tunisie
7023;Utique - Essakak;Tunisie
7060;Utique - Ghornata;Tunisie
7060;Utique - Lahouidh;Tunisie
7023;Utique - Sidi Othman;Tunisie
7060;Utique - Utique;Tunisie
7063;Utique - Utique Nouvelle;Tunisie
7021;Zarzouna - Cité Bouchoucha 2;Tunisie
7021;Zarzouna - Cité Calyptus;Tunisie
7021;Zarzouna - Cité du Soleil;Tunisie
7021;Zarzouna - Cité Ennacim;Tunisie
7021;Zarzouna - Cité Erraja 1;Tunisie
7021;Zarzouna - Cité Erraja 2;Tunisie
7021;Zarzouna - Cité Erraja 3;Tunisie
7021;Zarzouna - Cité Errimel;Tunisie
7021;Zarzouna - Cité Errsass;Tunisie
7021;Zarzouna - Cité Escaliers;Tunisie
7021;Zarzouna - Cité Essadaka;Tunisie
7021;Zarzouna - Cité Gabsi;Tunisie
7021;Zarzouna - Cité Hamdoun;Tunisie
7021;Zarzouna - Cité Jaziri;Tunisie
7021;Zarzouna - Cité Lune;Tunisie
7021;Zarzouna - Cité Mohamed Chehimi;Tunisie
7021;Zarzouna - Cité Nouvelle;Tunisie
7021;Zarzouna - Jarzouna;Tunisie
6062;El Hamma - Beni Ghilouf;Tunisie
6027;El Hamma - Bou Attouche;Tunisie
6095;El Hamma - Chenchou;Tunisie
6020;El Hamma - El Hamma;Tunisie
6060;El Hamma - El Hamma Sud;Tunisie
6013;El Hamma - Sombat;Tunisie
6010;El Metouia - Cité El Maya;Tunisie
6010;El Metouia - Cité El Mrachda;Tunisie
6010;El Metouia - Cité Ennacim;Tunisie
6052;El Metouia - Cité Ennacim;Tunisie
6052;El Metouia - Cité Essalem;Tunisie
6010;El Metouia - Cité Ezzouhour;Tunisie
6052;El Metouia - Cité Kheireddine;Tunisie
6010;El Metouia - Cité Nehila Farhat;Tunisie
6042;El Metouia - El Akarit;Tunisie
6010;El Metouia - El Aouinette;Tunisie
6042;El Metouia - El Hicha;Tunisie
6010;El Metouia - El Imarat;Tunisie
6010;El Metouia - El Metouia;Tunisie
6052;El Metouia - El Mida;Tunisie
6089;El Metouia - Metouia El Maya;Tunisie
6052;El Metouia - Ouali;Tunisie
6052;El Metouia - Oudhref;Tunisie
6010;El Metouia - Oued El Ghram;Tunisie
6061;Gabès Medina - Cité 26-26;Tunisie
6000;Gabès Medina - Cité Ben Kilani;Tunisie
6000;Gabès Medina - Cité Commerciale;Tunisie
6000;Gabès Medina - Cité des Oasis;Tunisie
6061;Gabès Medina - Cité El Bled;Tunisie
6061;Gabès Medina - Cité El Ftarcha;Tunisie
6000;Gabès Medina - Cité El Hana;Tunisie
6000;Gabès Medina - Cité El Khalij;Tunisie
6000;Gabès Medina - Cité El Korniche;Tunisie
6000;Gabès Medina - Cité El Mansoura;Tunisie
6000;Gabès Medina - Cité El Ouns;Tunisie
6000;Gabès Medina - Cité Mohamed Ali;Tunisie
6000;Gabès Medina - El Mouazir;Tunisie
6000;Gabès Medina - Gabes;Tunisie
6099;Gabès Medina - Gabes El Hidaya;Tunisie
6001;Gabès Medina - Gabes Hached;Tunisie
6071;Gabès Medina - Gabes Port;Tunisie
6040;Gabès Medina - Gabes Republique;Tunisie
6000;Gabès Medina - Limaoua;Tunisie
6000;Gabès Medina - Oued Khelifa Mahmoud;Tunisie
6000;Gabès Medina - Remathi;Tunisie
6031;Gabès Ouest - Bou Chemma;Tunisie
6041;Gabès Ouest - Chenini Gabes;Tunisie
6031;Gabès Ouest - Cité 2 Mars;Tunisie
6031;Gabès Ouest - Cité Ettahrir;Tunisie
6041;Gabès Ouest - Maita;Tunisie
6051;Gabès Ouest - Nahal;Tunisie
6012;Gabès Sud - Cité Afh;Tunisie
6072;Gabès Sud - Cité Afh;Tunisie
6012;Gabès Sud - Cité Ancien Militaire;Tunisie
6014;Gabès Sud - Cité Azaiez;Tunisie
6032;Gabès Sud - Cité Bedis;Tunisie
6012;Gabès Sud - Cité Bidani;Tunisie
6014;Gabès Sud - Cité de la Famille;Tunisie
6014;Gabès Sud - Cité des Enseignants;Tunisie
6014;Gabès Sud - Cité des Infirmiers;Tunisie
6072;Gabès Sud - Cité El Ahrach;Tunisie
6033;Gabès Sud - Cité El Amel;Tunisie
6033;Gabès Sud - Cité El Amel 1;Tunisie
6033;Gabès Sud - Cité El Amel 2;Tunisie
6033;Gabès Sud - Cité El Amel 3;Tunisie
6033;Gabès Sud - Cité El Amel 4;Tunisie
6033;Gabès Sud - Cité El Amel 5;Tunisie
6033;Gabès Sud - Cité El Amel 6;Tunisie
6072;Gabès Sud - Cité El Guefercha;Tunisie
6012;Gabès Sud - Cité El Hana Boudoura;Tunisie
6011;Gabès Sud - Cité El Izdihar;Tunisie
6033;Gabès Sud - Cité El Maarifa;Tunisie
6011;Gabès Sud - Cité El Medina;Tunisie
6012;Gabès Sud - Cité El Misk;Tunisie
6014;Gabès Sud - Cité El Mzahid;Tunisie
6032;Gabès Sud - Cité El Wafa;Tunisie
6014;Gabès Sud - Cité El Yasmine;Tunisie
6033;Gabès Sud - Cité Ennakhil;Tunisie
6033;Gabès Sud - Cité Ennour;Tunisie
6014;Gabès Sud - Cité Ennozh;Tunisie
6014;Gabès Sud - Cité Esseptia;Tunisie
6014;Gabès Sud - Cité Ezzouhour 1;Tunisie
6014;Gabès Sud - Cité Ezzouhour 2;Tunisie
6032;Gabès Sud - Cité Hached;Tunisie
6014;Gabès Sud - Cité Hached 1;Tunisie
6014;Gabès Sud - Cité Hached 2;Tunisie
6014;Gabès Sud - Cité Ibn Khaldoun;Tunisie
6011;Gabès Sud - Cité Medenine;Tunisie
6012;Gabès Sud - Cité Militaire Dimassi;Tunisie
6012;Gabès Sud - Cité Rhouma;Tunisie
6072;Gabès Sud - Cité Snit;Tunisie
6072;Gabès Sud - Cité Sprols;Tunisie
6022;Gabès Sud - El Mdou;Tunisie
6011;Gabès Sud - Gabes El Menara;Tunisie
6014;Gabès Sud - Mtorrech;Tunisie
6012;Gabès Sud - Sidi Boulbaba;Tunisie
6032;Gabès Sud - Teboulbou;Tunisie
6072;Gabès Sud - Zrig;Tunisie
6021;Ghanouch - Cité Errimel;Tunisie
6021;Ghanouch - Cité Ettahrir;Tunisie
6021;Ghanouch - Ghannouche;Tunisie
6080;Mareth - Ancien Bled;Tunisie
6016;Mareth - Arram;Tunisie
6015;Mareth - Ayoune Ezzerkine;Tunisie
6080;Mareth - Azeiza;Tunisie
6081;Mareth - Betahra;Tunisie
6080;Mareth - Betahra Sud;Tunisie
6080;Mareth - Braouka;Tunisie
6080;Mareth - Cité Commerciale;Tunisie
6080;Mareth - Cité Debaba;Tunisie
6080;Mareth - Cité El Amel;Tunisie
6080;Mareth - Cité El Argoub;Tunisie
6080;Mareth - Cité El Charfia;Tunisie
6080;Mareth - Cité El Ghardek1;Tunisie
6080;Mareth - Cité El Ghardek2;Tunisie
6080;Mareth - Cité El Ghardek3;Tunisie
6080;Mareth - Cité El Hafaya;Tunisie
6080;Mareth - Cité El Kribia;Tunisie
6080;Mareth - Cité El Masla;Tunisie
6080;Mareth - Cité El Melayha;Tunisie
6080;Mareth - Cité Ennouzha;Tunisie
6080;Mareth - Cité Garde Nationale;Tunisie
6036;Mareth - Cité Populaire;Tunisie
6080;Mareth - Cité Snit;Tunisie
6055;Mareth - Dekhilet Toujane;Tunisie
6080;Mareth - El Akhmes;Tunisie
6023;Mareth - El Alaya;Tunisie
6080;Mareth - El Frada;Tunisie
6080;Mareth - El Kaouakba;Tunisie
6056;Mareth - Ezzerkine;Tunisie
6080;Mareth - Graa Beiri;Tunisie
6036;Mareth - Kettana;Tunisie
6080;Mareth - Mareth;Tunisie
6080;Mareth - Mazraa Ben Slama;Tunisie
6080;Mareth - Mejni;Tunisie
6080;Mareth - Oued El Ghirane;Tunisie
6036;Mareth - Oued El Hajel;Tunisie
6080;Mareth - Ourifen;Tunisie
6036;Mareth - Sidi Slam;Tunisie
6046;Mareth - Sidi Touati;Tunisie
6045;Mareth - Toujane;Tunisie
6026;Mareth - Zarat;Tunisie
6080;Mareth - Zmorten;Tunisie
6036;Mareth - Zrig El Barrania;Tunisie
6036;Mareth - Zrig El Ghandri;Tunisie
6070;Matmata - Chouabet Esmaala;Tunisie
6070;Matmata - Cité El Azezna;Tunisie
6070;Matmata - Cité Hafi Rassa;Tunisie
6070;Matmata - Cité Hedi Chaker;Tunisie
6070;Matmata - Cité Independance;Tunisie
6070;Matmata - Cité Mohamed Ali;Tunisie
6070;Matmata - Cité Ras El Oued;Tunisie
6070;Matmata - Haddej;Tunisie
6070;Matmata - Ksar Beni Aissa;Tunisie
6070;Matmata - Matmata;Tunisie
6054;Matmata - Tamezrat;Tunisie
6070;Matmata - Taoujout;Tunisie
6034;Matmata - Techine;Tunisie
6070;Matmata - Tijma;Tunisie
6070;Matmata - Zriba;Tunisie
6030;Menzel El Habib - El Mida;Tunisie
6030;Menzel El Habib - Hejri;Tunisie
6030;Menzel El Habib - Mehamla;Tunisie
6030;Menzel El Habib - Menzel Habib;Tunisie
6030;Menzel El Habib - Ouali;Tunisie
6030;Menzel El Habib - Oued Ezzitoun;Tunisie
6030;Menzel El Habib - Ouled Dhaou;Tunisie
6030;Menzel El Habib - Zograta;Tunisie
6025;Nouvelle Matmata - Beni Zelten;Tunisie
6044;Nouvelle Matmata - Bou Sbah;Tunisie
6044;Nouvelle Matmata - Chobet Chemlali;Tunisie
6044;Nouvelle Matmata - Cité Edechaicha;Tunisie
6044;Nouvelle Matmata - Cité El Izdihar;Tunisie
6044;Nouvelle Matmata - Cité Guedouala;Tunisie
6044;Nouvelle Matmata - Cité Ouled Slama;Tunisie
6044;Nouvelle Matmata - Dhokara;Tunisie
6044;Nouvelle Matmata - Douiouira;Tunisie
6025;Nouvelle Matmata - El Amra;Tunisie
6025;Nouvelle Matmata - Ezzahra;Tunisie
6043;Nouvelle Matmata - Laffam;Tunisie
6025;Nouvelle Matmata - Mzaten;Tunisie
6044;Nouvelle Matmata - Nouvelle Matmata;Tunisie
6024;Nouvelle Matmata - Nouvelle Zraoua;Tunisie
6043;Nouvelle Matmata - Oued El Harika;Tunisie
6024;Nouvelle Matmata - Sidi Gnaou;Tunisie
6043;Nouvelle Matmata - Zaten Beni Zelten;Tunisie
6043;Nouvelle Matmata - Zaten Haddej;Tunisie
2115;Belkhir - Belkhir;Tunisie
2115;Belkhir - Borj El Haffey;Tunisie
2135;Belkhir - Bou Blel;Tunisie
2135;Belkhir - Boukou;Tunisie
2115;Belkhir - Cité Ouled Bel Hassen;Tunisie
2115;Belkhir - Cité Ouled Ben Jeddou;Tunisie
2115;Belkhir - Cité Ouled Haj Ali;Tunisie
2115;Belkhir - Cité Ouled Hmida;Tunisie
2115;Belkhir - Cité Ouled Saad;Tunisie
2139;Belkhir - El Akteb;Tunisie
2139;Belkhir - El Ayaicha;Tunisie
2139;Belkhir - Ezzitouna;Tunisie
2135;Belkhir - Haouel El Oued;Tunisie
2139;Belkhir - Jebel Ayaicha;Tunisie
2135;Belkhir - Jebilet El Oust;Tunisie
2115;Belkhir - Ouled El Haj;Tunisie
2135;Belkhir - Ouled Zaied;Tunisie
2125;El Guetar - Bou Omrane;Tunisie
2180;El Guetar - Cité Okba;Tunisie
2180;El Guetar - Cité Orbata Est;Tunisie
2180;El Guetar - Cité Orbata Ouest;Tunisie
2180;El Guetar - Cité Populaire;Tunisie
2180;El Guetar - Cité Populaire Route Gabes;Tunisie
2180;El Guetar - Cité Sprols;Tunisie
2180;El Guetar - El Amaiem;Tunisie
2180;El Guetar - El Guettar;Tunisie
2183;El Guetar - Lortes;Tunisie
2180;El Guetar - Majni;Tunisie
2181;El Guetar - Nchiou;Tunisie
2145;El Guetar - Ouled Bou Saad;Tunisie
2111;El Ksar - Cité Batiments;Tunisie
2111;El Ksar - Cité Ben Doula;Tunisie
2111;El Ksar - Cité Ben Issaoui;Tunisie
2111;El Ksar - Cité Ben Slimene;Tunisie
2111;El Ksar - Cité Bouranene;Tunisie
2111;El Ksar - Cité de la Gare;Tunisie
2111;El Ksar - Cité des Cadres;Tunisie
2111;El Ksar - Cité Ecole;Tunisie
2111;El Ksar - Cité El Ajama;Tunisie
2111;El Ksar - Cité El Kaouafel;Tunisie
2111;El Ksar - Cité El Khil;Tunisie
2111;El Ksar - Cité El Mancher;Tunisie
2111;El Ksar - Cité Essouani;Tunisie
2111;El Ksar - Cité Ragouba;Tunisie
2111;El Ksar - El Ksar;Tunisie
2169;El Ksar - Erragouba;Tunisie
2151;El Ksar - Gafsa aéroport;Tunisie
2111;El Ksar - Gafsa Gare;Tunisie
2121;El Ksar - Lala;Tunisie
2111;El Ksar - Ouled Chrait;Tunisie
2111;El Ksar - Sbat;Tunisie
2141;Gafsa Nord - Menzel Mimoun;Tunisie
2196;Gafsa Nord - Ouled Zid;Tunisie
2100;Gafsa Sud - Cité Cherif;Tunisie
2100;Gafsa Sud - Cité des Jeunes;Tunisie
2100;Gafsa Sud - Cité des Jeunes 1;Tunisie
2100;Gafsa Sud - Cité des Jeunes 2;Tunisie
2100;Gafsa Sud - Cité El Afrane;Tunisie
2100;Gafsa Sud - Cité El Kaouafel 1;Tunisie
2100;Gafsa Sud - Cité El Kaouafel 2;Tunisie
2100;Gafsa Sud - Cité El Kitna;Tunisie
2100;Gafsa Sud - Cité El Moula;Tunisie
2100;Gafsa Sud - Cité Ennouhoudh;Tunisie
2124;Gafsa Sud - Cité Essourour;Tunisie
2100;Gafsa Sud - Cité Garde Nationale;Tunisie
2100;Gafsa Sud - Cité Industrielle;Tunisie
2143;Gafsa Sud - Doualy Gafsa;Tunisie
2100;Gafsa Sud - El Garia;Tunisie
2142;Gafsa Sud - Ennadhour;Tunisie
2100;Gafsa Sud - Gafsa;Tunisie
2133;Gafsa Sud - Gafsa Cité des Jeunes;Tunisie
2123;Gafsa Sud - Gafsa Cité Ennour;Tunisie
2142;Gafsa Sud - Kef Derbi;Tunisie
2112;Gafsa Sud - Sidi Ahmed Zarrouk;Tunisie
2170;Mdhila - Cité des Jeunes;Tunisie
2170;Mdhila - Cité Ennacim;Tunisie
2170;Mdhila - Cité Essaada;Tunisie
2170;Mdhila - Cité Ouest;Tunisie
2170;Mdhila - Cité Ouvriere 2;Tunisie
2170;Mdhila - Cité Stade Ouvriere Est;Tunisie
2170;Mdhila - Jebel Mdhilla;Tunisie
2130;Metlaoui - Cité Centrale;Tunisie
2130;Metlaoui - Cité du Laboratoire;Tunisie
2130;Metlaoui - Cité El Amel;Tunisie
2132;Metlaoui - Cité El Magroun;Tunisie
2130;Metlaoui - Cité Ennacim;Tunisie
2130;Metlaoui - Cité Ennasr;Tunisie
2130;Metlaoui - Cité Essaada 1;Tunisie
2130;Metlaoui - Cité Essaada 2;Tunisie
2130;Metlaoui - Cité Essaada Ouest;Tunisie
2130;Metlaoui - Cité Europeen;Tunisie
2130;Metlaoui - Cité Ezzouhour;Tunisie
2130;Metlaoui - Cité Ezzouhour 1;Tunisie
2130;Metlaoui - Cité Ezzouhour 2;Tunisie
2130;Metlaoui - Cité Ezzouhour 3;Tunisie
2130;Metlaoui - Cité Ezzouhour 4;Tunisie
2130;Metlaoui - Cité Ibn Khaldoun;Tunisie
2130;Metlaoui - Cité Moderne;Tunisie
2130;Metlaoui - Cité Presidentielle;Tunisie
2130;Metlaoui - Cité Thelja;Tunisie
2132;Metlaoui - El Kaina;Tunisie
2134;Metlaoui - El Mziraa;Tunisie
2130;Metlaoui - Metlaoui;Tunisie
2113;Metlaoui - Metlaoui Gare;Tunisie
2132;Metlaoui - Metlaoui Mines;Tunisie
2134;Metlaoui - Metlaoui Thalja;Tunisie
2130;Metlaoui - Richet Ennaam;Tunisie
2110;Oum El Araies - Cité de la Gare;Tunisie
2110;Oum El Araies - Cité de le Liberte;Tunisie
2110;Oum El Araies - Cité des Jeunes;Tunisie
2110;Oum El Araies - Cité des Ouvriers;Tunisie
2110;Oum El Araies - Cité El Amel;Tunisie
2110;Oum El Araies - Cité Essoualmia;Tunisie
2110;Oum El Araies - Cité Kouceila;Tunisie
2110;Oum El Araies - Cité Marocain;Tunisie
2110;Oum El Araies - Cité Moderne;Tunisie
2110;Oum El Araies - Cité Okba Ibn Nafaa;Tunisie
2110;Oum El Araies - Cité Sprols;Tunisie
2110;Oum El Araies - Moulares;Tunisie
2161;Oum El Araies - Moulares Gare;Tunisie
2114;Oum El Araies - Ouglet Ahmed;Tunisie
2114;Oum El Araies - Sidi Boubaker;Tunisie
2110;Oum El Araies - Tabedit;Tunisie
2120;Redeyef - Cité de la Poste;Tunisie
2120;Redeyef - Cité du Souk;Tunisie
2120;Redeyef - Cité Essouafa;Tunisie
2120;Redeyef - Cité Ettahrir;Tunisie
2120;Redeyef - Cité Hsouna Ben Tahar;Tunisie
2120;Redeyef - Cité Ouled Bou Oune;Tunisie
2120;Redeyef - Cité Ouled Majed;Tunisie
2120;Redeyef - Cité Ouvriere;Tunisie
2120;Redeyef - Cité Sidi Abdelkader;Tunisie
2120;Redeyef - Cité Sprols;Tunisie
2120;Redeyef - Cité Trabelsia;Tunisie
2120;Redeyef - Redeyef;Tunisie
2140;Redeyef - Redeyef Gare;Tunisie
2122;Redeyef - Zomra Redeyef;Tunisie
2131;Sidi Aich - Cité Dhebebnia 2;Tunisie
2131;Sidi Aich - Cité du Lycee;Tunisie
2131;Sidi Aich - Cité Ecole;Tunisie
2131;Sidi Aich - Cité Logement Populaire;Tunisie
2131;Sidi Aich - El Garia;Tunisie
2131;Sidi Aich - Sidi Aich;Tunisie
2131;Sidi Aich - Sidi Aich Est;Tunisie
2195;Sned - Alim;Tunisie
2190;Sned - Bahloula;Tunisie
2190;Sned - Cité de la Gout;Tunisie
2190;Sned - Cité des Martyrs;Tunisie
2190;Sned - Cité Ennajah;Tunisie
2190;Sned - Cité Ennasr 1;Tunisie
2190;Sned - Cité Ennasr 2;Tunisie
2190;Sned - Cité Ennour;Tunisie
2190;Sned - Cité Erriadh;Tunisie
2190;Sned - Cité Ezzitouna 1;Tunisie
2190;Sned - Cité Ezzitouna 2;Tunisie
2190;Sned - Cité Ezzouhour 1;Tunisie
2190;Sned - Cité Ezzouhour 2;Tunisie
2190;Sned - Cité Taieb Mhiri;Tunisie
2190;Sned - Dhoukara;Tunisie
2116;Sned - El Araria;Tunisie
2193;Sned - El Biadha;Tunisie
2190;Sned - El Goussa;Tunisie
2190;Sned - Essmayria;Tunisie
2193;Sned - Henchir El Afrah;Tunisie
2190;Sned - Jebel Sned;Tunisie
2116;Sned - Jedida;Tunisie
2192;Sned - Majoura;Tunisie
2192;Sned - Majourat Eddakhla;Tunisie
2190;Sned - Menzel Chihaoui;Tunisie
2116;Sned - Oum El Aleg;Tunisie
2190;Sned - Sned;Tunisie
2116;Sned - Zannouche;Tunisie
8130;Ain Draham - Ain Draham;Tunisie
8134;Ain Draham - Ain El Hamraya;Tunisie
8121;Ain Draham - Babouch;Tunisie
8130;Ain Draham - El Atatfa;Tunisie
8134;Ain Draham - El Houmrane;Tunisie
8135;Ain Draham - Esseloul;Tunisie
8136;Ain Draham - Hammam Bourguiba;Tunisie
8134;Ain Draham - Oued Ezzene;Tunisie
8135;Ain Draham - Ouled Helal;Tunisie
8136;Ain Draham - Rouai;Tunisie
8130;Ain Draham - Sidi Abdallah;Tunisie
8130;Ain Draham - Sidi Mhamed;Tunisie
8134;Ain Draham - Tebainia;Tunisie
8136;Ain Draham - Tegma;Tunisie
8116;Balta - Bou Aouane - Bou Aouene;Tunisie
8116;Balta - Bou Aouane - Cité Jebil;Tunisie
8116;Balta - Bou Aouane - Ouled Hassen;Tunisie
8170;Bou Salem - Beni Mhamed;Tunisie
8170;Bou Salem - Bou Laaba;Tunisie
8170;Bou Salem - Bou Salem;Tunisie
8170;Bou Salem - Cité 7 Novembre 1;Tunisie
8170;Bou Salem - Cité 7 Novembre 2;Tunisie
8170;Bou Salem - Cité 7 Novembre 3;Tunisie
8170;Bou Salem - Cité de la Municipalite;Tunisie
8170;Bou Salem - Cité Diamonta;Tunisie
8170;Bou Salem - Cité El Bhairia;Tunisie
8170;Bou Salem - Cité El Hafsia;Tunisie
8170;Bou Salem - Cité El Hana;Tunisie
8170;Bou Salem - Cité El Khalij;Tunisie
8170;Bou Salem - Cité Ennour;Tunisie
8170;Bou Salem - Cité Erriadh;Tunisie
8170;Bou Salem - Cité Essourour;Tunisie
8170;Bou Salem - Cité Fatouma Bourguiba;Tunisie
8170;Bou Salem - Cité Hached;Tunisie
8170;Bou Salem - Cité Hedi Khelil;Tunisie
8170;Bou Salem - Cité Hopital;Tunisie
8170;Bou Salem - Cité Khzama 1;Tunisie
8170;Bou Salem - Cité Khzama 2;Tunisie
8170;Bou Salem - Cité Lamine;Tunisie
8170;Bou Salem - Cité Marche Municipal;Tunisie
8170;Bou Salem - Cité Sprols;Tunisie
8170;Bou Salem - Cité Z.I.;Tunisie
8170;Bou Salem - El Aouaoudha;Tunisie
8124;Bou Salem - El Marja;Tunisie
8173;Bou Salem - Essoumrane;Tunisie
8142;Fernana - Ain El Beya;Tunisie
8140;Fernana - Argoub Rihane;Tunisie
8114;Fernana - Beni Mtir;Tunisie
8140;Fernana - Betaha;Tunisie
8142;Fernana - Bou Halleb;Tunisie
8141;Fernana - Bou Hertma;Tunisie
8140;Fernana - Cité Beni Mazen;Tunisie
8140;Fernana - Cité de la Rnta;Tunisie
8140;Fernana - Cité El Frajnia;Tunisie
8140;Fernana - Cité El Intilaka;Tunisie
8142;Fernana - Cité El Marja;Tunisie
8140;Fernana - Cité El Mouftarek;Tunisie
8140;Fernana - Cité El Mourouj;Tunisie
8140;Fernana - Cité Ennacim;Tunisie
8140;Fernana - Cité Essaada;Tunisie
8114;Fernana - Cité Essalah;Tunisie
8140;Fernana - Cité Essanaouber;Tunisie
8140;Fernana - Cité Ezzouhour;Tunisie
8140;Fernana - Cité Oum Kethir;Tunisie
8140;Fernana - Cité Sprols;Tunisie
8140;Fernana - Echtaibia;Tunisie
8140;Fernana - Ejouablia;Tunisie
8140;Fernana - El Alayeg;Tunisie
8140;Fernana - El Fazzen;Tunisie
8140;Fernana - El Fejouj;Tunisie
8140;Fernana - El Haouamd;Tunisie
8140;Fernana - El Houjjaj;Tunisie
8140;Fernana - El Magroun;Tunisie
8140;Fernana - Eroouaba;Tunisie
8140;Fernana - Essmaibia;Tunisie
8140;Fernana - Fernana;Tunisie
8140;Fernana - Grioua;Tunisie
8140;Fernana - Halima;Tunisie
8145;Fernana - Hedhil;Tunisie
8141;Fernana - Jentoura;Tunisie
8142;Fernana - Jouaouda;Tunisie
8140;Fernana - Oued Gherib;Tunisie
8140;Fernana - Ouled Mfedda;Tunisie
8140;Fernana - Rabia;Tunisie
8140;Fernana - Rmila;Tunisie
8140;Fernana - Sidi Ammar;Tunisie
8140;Fernana - Sidi Said;Tunisie
8140;Fernana - Zaaroura;Tunisie
8160;Ghardimaou - Cité des Combattants;Tunisie
8160;Ghardimaou - Cité des Jardins;Tunisie
8160;Ghardimaou - Cité El Mayara;Tunisie
8160;Ghardimaou - Cité Ennouhoudh 1;Tunisie
8160;Ghardimaou - Cité Ennouhoudh 2;Tunisie
8160;Ghardimaou - Cité Ennouhoudh 3;Tunisie
8160;Ghardimaou - Cité Ennouhoudh 4;Tunisie
8160;Ghardimaou - Cité Ennouhoudh 5;Tunisie
8160;Ghardimaou - Cité Ennouhoudh 6;Tunisie
8160;Ghardimaou - Cité Ennouhoudh 7;Tunisie
8160;Ghardimaou - Cité Erraja;Tunisie
8160;Ghardimaou - Cité Erraoudha;Tunisie
8160;Ghardimaou - Cité Essaada 1;Tunisie
8160;Ghardimaou - Cité Essaada 2;Tunisie
8160;Ghardimaou - Cité Ezzouhour;Tunisie
8160;Ghardimaou - Cité Ines;Tunisie
8160;Ghardimaou - El Biadha;Tunisie
8160;Ghardimaou - El Feija;Tunisie
8160;Ghardimaou - Esraya;Tunisie
8160;Ghardimaou - Ezzraibia;Tunisie
8160;Ghardimaou - Ghardimaou;Tunisie
8160;Ghardimaou - Ouechtata;Tunisie
8162;Ghardimaou - Oued El Maaden;Tunisie
8161;Ghardimaou - Ouerguech;Tunisie
8160;Ghardimaou - Zitounet Oum Lahneche;Tunisie
8111;Jendouba Nord - Ben Bechir;Tunisie
8189;Jendouba Nord - Cité El Ouns;Tunisie
8189;Jendouba Nord - Cité Ezzahoua;Tunisie
8189;Jendouba Nord - Cité Hedi Ben Hassine;Tunisie
8189;Jendouba Nord - Jendouba Nord;Tunisie
8100;Jendouba Nord - Jerif;Tunisie
8132;Jendouba Nord - Souk Jemaa;Tunisie
8100;Jendouba - Ain El Ksir;Tunisie
8100;Jendouba - Cité Administrative;Tunisie
8122;Jendouba - Cité Cnrps;Tunisie
8100;Jendouba - Cité Ennour 1;Tunisie
8100;Jendouba - Cité Ennour 2;Tunisie
8196;Jendouba - Cité Ettataouer;Tunisie
8111;Jendouba - Cité Ezzouhour;Tunisie
8100;Jendouba - Cité Snit;Tunisie
8153;Jendouba - El Azima;Tunisie
8100;Jendouba - El Ganara;Tunisie
8153;Jendouba - El Melga;Tunisie
8195;Jendouba - Essaada;Tunisie
8122;Jendouba - Essanabel;Tunisie
8100;Jendouba - Jendouba;Tunisie
8195;Jendouba - Mitil;Tunisie
8131;Jendouba - Souk Essebt;Tunisie
8185;Oued Meliz - Edkhailia;Tunisie
8194;Oued Meliz - Hakim;Tunisie
8115;Oued Meliz - Oued Mliz;Tunisie
8193;Oued Meliz - Sidi Meskine;Tunisie
8112;Tabarka - Ain Essobh;Tunisie
8112;Tabarka - Bou Terfes;Tunisie
8127;Tabarka - Brirem;Tunisie
8110;Tabarka - Cité Chaaouania;Tunisie
8110;Tabarka - Cité des Arts;Tunisie
8110;Tabarka - Cité du Soleil;Tunisie
8110;Tabarka - Cité Eddachra;Tunisie
8110;Tabarka - Cité El Mourjene;Tunisie
8110;Tabarka - Cité Erriadh;Tunisie
8110;Tabarka - Cité Kraimia;Tunisie
8112;Tabarka - Cité Populaire 1;Tunisie
8112;Tabarka - Cité Populaire 2;Tunisie
8112;Tabarka - Cité Populaire 3;Tunisie
8110;Tabarka - Cité Taieb Mhiri;Tunisie
8112;Tabarka - Cooperative Centrale des Grandes Cultures;Tunisie
8110;Tabarka - El Farech;Tunisie
8192;Tabarka - El Haouamdia;Tunisie
8128;Tabarka - El Khedhairia;Tunisie
8128;Tabarka - Jaballah;Tunisie
8112;Tabarka - Ouled Yahya;Tunisie
8112;Tabarka - Ras Errajel;Tunisie
8112;Tabarka - Sidi Asker;Tunisie
8110;Tabarka - Sidi Rouine;Tunisie
8110;Tabarka - Tabarka;Tunisie
8181;Tabarka - Tabarka aéroport;Tunisie
8112;Tabarka - Touajnia;Tunisie
3181;Bouhajla - Bir Eddaoula;Tunisie
3180;Bouhajla - Bir Lahjar;Tunisie
3180;Bouhajla - Bou Hajla;Tunisie
3180;Bouhajla - Cité 7 Novembre;Tunisie
3180;Bouhajla - Cité de la Republique;Tunisie
3180;Bouhajla - Cité El Moez;Tunisie
3180;Bouhajla - Cité Ennasr;Tunisie
3180;Bouhajla - Cité Ennour;Tunisie
3180;Bouhajla - Cité Essaada;Tunisie
3180;Bouhajla - Cité Ezzouhour;Tunisie
3180;Bouhajla - Cité Nouvelle;Tunisie
3180;Bouhajla - Cité Okba;Tunisie
3180;Bouhajla - El Fateh;Tunisie
3180;Bouhajla - Ennasr;Tunisie
3126;Bouhajla - Jehina;Tunisie
3180;Bouhajla - Ouled Achour;Tunisie
3133;Echebika - Ain El Beydha;Tunisie
3112;Echebika - Ben Salem;Tunisie
3121;Echebika - Chebika;Tunisie
3121;Echebika - Cité Sabrine;Tunisie
3161;Echebika - El Aouamria;Tunisie
3133;Echebika - El Karma;Tunisie
3112;Echebika - Gragaya;Tunisie
3112;Echebika - Hammed;Tunisie
3133;Echebika - Ouled Khalfallah;Tunisie
3133;Echebika - Ouled Khelif;Tunisie
3133;Echebika - Ouled Nasser;Tunisie
3121;Echebika - Rouissette;Tunisie
3121;Echebika - Sidi Abdallah Belhaj;Tunisie
3116;Echrarda - Cherarda;Tunisie
3116;Echrarda - Cité El Koucha;Tunisie
3116;Echrarda - Cité El Mached;Tunisie
3116;Echrarda - El Aouyed;Tunisie
3116;Echrarda - El Ksour;Tunisie
3145;Echrarda - Ouled Farjallah;Tunisie
3150;El Alaa - Cité Essanaouber;Tunisie
3150;El Alaa - Cité Nouvelle;Tunisie
3150;El Alaa - Cité Ouled Ahmed;Tunisie
3150;El Alaa - Cité Populaire;Tunisie
3150;El Alaa - Cité Rezagnia;Tunisie
3150;El Alaa - Cité Rurale;Tunisie
3150;El Alaa - Ecole Ettoual;Tunisie
3150;El Alaa - Ecole Jouamia;Tunisie
3150;El Alaa - Ecole Trazza;Tunisie
3150;El Alaa - El Ala;Tunisie
3150;El Alaa - El Fjejria;Tunisie
3153;El Alaa - El Msaid;Tunisie
3150;El Alaa - Ghidhifette;Tunisie
3154;El Alaa - Messiouta;Tunisie
3150;El Alaa - Oued El Jabbes;Tunisie
3150;El Alaa - Ouled Ali;Tunisie
3150;El Alaa - Ouled Ennaguez;Tunisie
3150;El Alaa - Ouled Mehrez;Tunisie
3150;El Alaa - Sayada Nord;Tunisie
3150;El Alaa - Sayada Sud;Tunisie
3120;El Ouslatia - Ain Mastour;Tunisie
3120;El Ouslatia - Cité Bou Assida;Tunisie
3120;El Ouslatia - Cité Chebbi;Tunisie
3120;El Ouslatia - Cité Commerciale;Tunisie
3120;El Ouslatia - Cité des Ouvriers;Tunisie
3120;El Ouslatia - Cité du Stade;Tunisie
3120;El Ouslatia - Cité Ejjamaa;Tunisie
3120;El Ouslatia - Cité Essanaouber;Tunisie
3120;El Ouslatia - Cité Ettahrir;Tunisie
3124;El Ouslatia - Ksar Lamsa;Tunisie
3120;El Ouslatia - Oued El Guessab;Tunisie
3120;El Ouslatia - Oueslatia;Tunisie
3130;Haffouz - Cherichira;Tunisie
3130;Haffouz - Cité le Mourouj;Tunisie
3130;Haffouz - El Alia;Tunisie
3130;Haffouz - El Aoudid;Tunisie
3130;Haffouz - Ezzorg;Tunisie
3130;Haffouz - Haffouz;Tunisie
3134;Haffouz - Khit El Oued;Tunisie
3160;Hajeb El Ayoun - Cité 7 Novembre;Tunisie
3160;Hajeb El Ayoun - Cité Ennasr;Tunisie
3160;Hajeb El Ayoun - Cité Ennouhoudh;Tunisie
3160;Hajeb El Ayoun - Cité Errouki;Tunisie
3160;Hajeb El Ayoun - Cité Essaada;Tunisie
3160;Hajeb El Ayoun - Cité Ezzayatine;Tunisie
3160;Hajeb El Ayoun - Cité Ezzouhour;Tunisie
3160;Hajeb El Ayoun - Cité Independance;Tunisie
3160;Hajeb El Ayoun - El Ghouiba;Tunisie
3160;Hajeb El Ayoun - El Manar;Tunisie
3160;Hajeb El Ayoun - El Menassa;Tunisie
3160;Hajeb El Ayoun - Hajeb El Ayoun;Tunisie
3160;Hajeb El Ayoun - Hajeb El Ayoun Gare;Tunisie
3160;Hajeb El Ayoun - Ouled Abbes;Tunisie
3160;Hajeb El Ayoun - Ouled Ameur;Tunisie
3160;Hajeb El Ayoun - Thallaja;Tunisie
3140;Kairouan Nord - Cité El Baloui 1;Tunisie
3140;Kairouan Nord - Cité El Baloui 2;Tunisie
3140;Kairouan Nord - Cité El Baloui 3;Tunisie
3129;Kairouan Nord - Cité El Hajjam;Tunisie
3182;Kairouan Nord - Cité Ennasr;Tunisie
3140;Kairouan Nord - Cité Ichbilia;Tunisie
3140;Kairouan Nord - Cité Okba;Tunisie
3140;Kairouan Nord - Cité Ouled Manaa;Tunisie
3140;Kairouan Nord - Cité Sahbi 3;Tunisie
3140;Kairouan Nord - Cité Sahbi 4;Tunisie
3140;Kairouan Nord - Cité Sahbi 5;Tunisie
3140;Kairouan Nord - Cité Sahnoun;Tunisie
3140;Kairouan Nord - Cité Snit;Tunisie
3140;Kairouan Nord - Dhraa Ettammar;Tunisie
3142;Kairouan Nord - El Baten;Tunisie
3193;Kairouan Nord - El Ghabette;Tunisie
3111;Kairouan Nord - El Moutbasta;Tunisie
3140;Kairouan Nord - Kairouan Okba;Tunisie
3140;Kairouan Nord - Sidi Dhameni;Tunisie
3192;Kairouan Sud - Argoub El Khadhra;Tunisie
3100;Kairouan Sud - Cité El Moez;Tunisie
3199;Kairouan Sud - Cité Ibn El Jazzar;Tunisie
3100;Kairouan Sud - Cité Militaire Ancien;Tunisie
3100;Kairouan Sud - Cité Rim;Tunisie
3100;Kairouan Sud - Cité Sabri;Tunisie
3198;Kairouan Sud - Cité Tabene;Tunisie
3100;Kairouan Sud - El Argoub Lahrech;Tunisie
3198;Kairouan Sud - El Borji;Tunisie
3192;Kairouan Sud - El Khadhra;Tunisie
3100;Kairouan Sud - El Makhsouma;Tunisie
3100;Kairouan Sud - El Mrazig;Tunisie
3100;Kairouan Sud - Kairouan;Tunisie
3131;Kairouan Sud - Kairouan Sud;Tunisie
3191;Kairouan Sud - Raccada;Tunisie
3151;Kairouan Sud - Zaafrana;Tunisie
3114;Nasrallah - El Hamidette;Tunisie
3171;Nasrallah - El Kabbara;Tunisie
3170;Nasrallah - El Ksour;Tunisie
3173;Nasrallah - Erragouba El Hamra;Tunisie
3114;Nasrallah - Menzel Mhiri;Tunisie
3170;Nasrallah - Nasrallah;Tunisie
3115;Nasrallah - Sidi Saad;Tunisie
3114;Nasrallah - Touila;Tunisie
3110;Sbikha - Chorfa;Tunisie
3110;Sbikha - Chougafia;Tunisie
3110;Sbikha - Daloussi;Tunisie
3132;Sbikha - Dar Ben Aicha;Tunisie
3132;Sbikha - Dar Jamiya;Tunisie
3194;Sbikha - Dhriaat;Tunisie
3110;Sbikha - Eddikhila;Tunisie
3125;Sbikha - El Alem;Tunisie
3132;Sbikha - El Aouitha;Tunisie
3110;Sbikha - El Friouette;Tunisie
3110;Sbikha - El Gatifa;Tunisie
3110;Sbikha - El Gfey;Tunisie
3110;Sbikha - El Khodher;Tunisie
3196;Sbikha - Hendi Zitouna;Tunisie
3110;Sbikha - Oued Nebhana;Tunisie
3110;Sbikha - Sbikha;Tunisie
3195;Sbikha - Sidi Messaoud;Tunisie
3132;Sbikha - Sisseb;Tunisie
1280;Jedliane - Ain Oum Jdour;Tunisie
1280;Jedliane - Cité 7 Novembre;Tunisie
1280;Jedliane - Cité El Intilaka;Tunisie
1280;Jedliane - Cité Ettaamir;Tunisie
1280;Jedliane - Cité Ezzouhour;Tunisie
1280;Jedliane - Frej Terbah;Tunisie
1280;Jedliane - Jediliane;Tunisie
1234;El Ayoun - El Grine;Tunisie
1223;Feriana - Cekhirate;Tunisie
1240;Feriana - Cité Cheab;Tunisie
1240;Feriana - Cité du Battoire;Tunisie
1240;Feriana - Cité El Izdihar;Tunisie
1240;Feriana - Cité Hached;Tunisie
1240;Feriana - Cité Hardoub;Tunisie
1240;Feriana - Cité Pierre Noire;Tunisie
1240;Feriana - Feriana;Tunisie
1243;Feriana - Garaat Ennaam;Tunisie
1242;Feriana - Lahouache;Tunisie
1240;Feriana - Oum Ali;Tunisie
1215;Feriana - Thelepte;Tunisie
1232;Foussana - Bou Deryes;Tunisie
1220;Foussana - Cité Bou Lila;Tunisie
1220;Foussana - Cité El Bassatine;Tunisie
1220;Foussana - Cité El Fateh;Tunisie
1220;Foussana - Cité El Intilaka;Tunisie
1220;Foussana - Cité Erriadh;Tunisie
1220;Foussana - El Adhira;Tunisie
1220;Foussana - El Brika;Tunisie
1220;Foussana - Essatour;Tunisie
1220;Foussana - Foussana;Tunisie
1212;Foussana - Khemouda;Tunisie
1220;Foussana - Ouled Boughanem;Tunisie
1220;Foussana - Ouled Mansour;Tunisie
1220;Foussana - Ouled Zid;Tunisie
1220;Foussana - Oum Lahouadh;Tunisie
1222;Foussana - Sahraoui;Tunisie
1241;Hassi Ferid - Hassi El Frid;Tunisie
1247;Hassi Ferid - Khanguet El Jazia;Tunisie
1221;Hidra - Cité El Bassatine;Tunisie
1221;Hidra - Cité El Fateh;Tunisie
1221;Hidra - Cité El Intilaka;Tunisie
1221;Hidra - Cité Ennasr;Tunisie
1221;Hidra - Cité Ettadhamen;Tunisie
1221;Hidra - Cité Ibn Charef;Tunisie
1221;Hidra - Cité Ouled Ounallah;Tunisie
1225;Hidra - El Ajred;Tunisie
1221;Hidra - El Mrira;Tunisie
1221;Hidra - Errmila;Tunisie
1221;Hidra - Essri;Tunisie
1221;Hidra - Gargara;Tunisie
1221;Hidra - Haidra;Tunisie
1221;Hidra - Tebaga;Tunisie
1237;Kasserine Nord - Cité Ouvriere;Tunisie
1200;Kasserine Nord - Doughra;Tunisie
1200;Kasserine Nord - Kasserine;Tunisie
1230;Kasserine Nord - Kasserine Nour;Tunisie
1200;Kasserine Nord - Magdoudech;Tunisie
1214;Majel Bel Abbès - Cité Commerciale;Tunisie
1214;Majel Bel Abbès - Cité des Martyrs;Tunisie
1214;Majel Bel Abbès - Cité du Lycee;Tunisie
1214;Majel Bel Abbès - Cité Eddachra 1;Tunisie
1214;Majel Bel Abbès - Cité Eddachra 2;Tunisie
1214;Majel Bel Abbès - Cité El Guerayria;Tunisie
1214;Majel Bel Abbès - Cité Nouvelle 1;Tunisie
1214;Majel Bel Abbès - Cité Nouvelle 2;Tunisie
1214;Majel Bel Abbès - Cité Populaire;Tunisie
1294;Majel Bel Abbès - El Fekka;Tunisie
1293;Majel Bel Abbès - Garaat Ennadhour;Tunisie
1214;Majel Bel Abbès - Henchir Oum El Khir;Tunisie
1214;Majel Bel Abbès - Mejel Bel Abbes;Tunisie
1214;Majel Bel Abbès - Ouled Marzoug;Tunisie
1250;Sbeitla - Cité Dhraa Bou Ouaj;Tunisie
1250;Sbeitla - Cité du Lycee;Tunisie
1250;Sbeitla - Cité du Stade;Tunisie
1250;Sbeitla - Cité El Fateh;Tunisie
1250;Sbeitla - Cité El Ghabette;Tunisie
1250;Sbeitla - Cité El Khadhra;Tunisie
1250;Sbeitla - Cité El Oulja;Tunisie
1250;Sbeitla - Cité Errahba;Tunisie
1263;Sbeitla - Cité Essourour;Tunisie
1250;Sbeitla - Cité Essourour Echergui;Tunisie
1250;Sbeitla - Cité Essourour El Gharbi;Tunisie
1250;Sbeitla - Cité Ezzayatine;Tunisie
1250;Sbeitla - Cité Hopital;Tunisie
1250;Sbeitla - Cité Huillerie;Tunisie
1250;Sbeitla - Cité Industrielle;Tunisie
1250;Sbeitla - Cité Militaire 1;Tunisie
1250;Sbeitla - Cité Militaire 2;Tunisie
1250;Sbeitla - Cité Militaire 3;Tunisie
1251;Sbeitla - Echraya;Tunisie
1250;Sbeitla - El Garaa;Tunisie
1250;Sbeitla - El Gharadek;Tunisie
1250;Sbeitla - El Gounna;Tunisie
1250;Sbeitla - El Hammar;Tunisie
1252;Sbeitla - Errahayet;Tunisie
1256;Sbeitla - Henchir El Assal;Tunisie
1250;Sbeitla - Mghila;Tunisie
1255;Sbeitla - Oued Miou;Tunisie
1250;Sbeitla - Sbeitla;Tunisie
1254;Sbeitla - Zaouiet Ben Ammar;Tunisie
1270;Sbiba - Cité Air Nouvelle;Tunisie
1270;Sbiba - Cité des Rouines Romaines;Tunisie
1270;Sbiba - Cité du Lycee;Tunisie
1270;Sbiba - Cité Eddamous;Tunisie
1270;Sbiba - Cité El Fateh;Tunisie
1270;Sbiba - Cité El Khadhra 1;Tunisie
1270;Sbiba - Cité El Khadhra 2;Tunisie
1270;Sbiba - Cité Ennakhla;Tunisie
1270;Sbiba - Cité Erriadh;Tunisie
1270;Sbiba - Cité Essalama;Tunisie
1270;Sbiba - Cité Ezzouhour;Tunisie
1270;Sbiba - Dhraa;Tunisie
1270;Sbiba - El Hasnaoui;Tunisie
1270;Sbiba - Kounbitra;Tunisie
1270;Sbiba - Ouljet Aguil;Tunisie
1270;Sbiba - Sbiba;Tunisie
1273;Sbiba - Sidi Brahim Ezzaher;Tunisie
1270;Sbiba - Themed;Tunisie
1210;Thala - Chafai;Tunisie
1210;Thala - Cité Ain Ahmed;Tunisie
1210;Thala - Cité Bain Maure Ben Azouz;Tunisie
1210;Thala - Cité Ben Cherif;Tunisie
1210;Thala - Cité des Ouvriers;Tunisie
1210;Thala - Cité du Battoire;Tunisie
1210;Thala - Cité El Borni;Tunisie
1210;Thala - Cité El Mhiri;Tunisie
1210;Thala - Cité Ennadhour;Tunisie
1210;Thala - Cité Errahba;Tunisie
1210;Thala - Cité Garde Nationale;Tunisie
1210;Thala - Cité Khazna Jedida;Tunisie
1210;Thala - Cité Mongi Slim;Tunisie
1210;Thala - Cité Snit;Tunisie
1224;Thala - Eddachra;Tunisie
1210;Thala - Henchir Goumria;Tunisie
1210;Thala - Ouled Ghida;Tunisie
1231;Thala - Sidi Shil;Tunisie
1210;Thala - Thala;Tunisie
1261;Thala - Thala Sud;Tunisie
1235;Thala - Zelfane;Tunisie
